And,15,2.097083,29.090556,2.06,alf,Sirrah|Alpheratz|MKT 11|H 532A|JNN 1A|alf And|del Peg|21 And,165,9.832083,30.860833,3.27,del,31 And|del And
And,68,4.582083,36.785278,4.52,sig,DRS 33|25 And|sig And,154,9.220417,33.719444,4.36,pi.,pi. And|29 And
And,68,4.582083,36.785278,4.52,sig,DRS 33|25 And|sig And,8965,354.534167,43.268056,4.29,iot,iot And|17 And
And,154,9.220417,33.719444,4.36,pi.,pi. And|29 And,165,9.832083,30.860833,3.27,del,31 And|del And
And,154,9.220417,33.719444,4.36,pi.,pi. And|29 And,337,17.432917,35.620556,2.06,bet,MIRACH|bet And|43 And
And,163,9.63875,29.311667,4.37,eps,eps And|30 And,165,9.832083,30.860833,3.27,del,31 And|del And
And,163,9.63875,29.311667,4.37,eps,eps And|30 And,215,11.834583,24.267222,4.06,zet,34 And|zet And
And,165,9.832083,30.860833,3.27,del,31 And|del And,337,17.432917,35.620556,2.06,bet,MIRACH|bet And|43 And
And,215,11.834583,24.267222,4.06,zet,34 And|zet And,271,14.301667,23.4175,4.42,eta,eta And|38 And
And,226,12.453333,41.078889,4.53,nu.,35 And|nu. And,269,14.188333,38.499444,3.87,mu.,HJ 1057A|37 And|mu. And
And,226,12.453333,41.078889,4.53,nu.,35 And|nu. And,335,17.375833,47.241944,4.25,phi,STT 515|phi And|42 And
And,269,14.188333,38.499444,3.87,mu.,HJ 1057A|37 And|mu. And,337,17.432917,35.620556,2.06,bet,MIRACH|bet And|43 And
And,335,17.375833,47.241944,4.25,phi,STT 515|phi And|42 And,464,24.498333,48.628333,3.57,ups,Nembus|ups Per|51 And
And,337,17.432917,35.620556,2.06,bet,MIRACH|bet And|43 And,604,30.977917,42.330833,4.84,gam,STT 38|STF 205BC|gam And C|gam02 And|gam And B
And,8762,345.480417,42.326111,3.62,omi,BLA 12Aa|MCA 77AB|WRH 37AB|omi And|1 And,8965,354.534167,43.268056,4.29,iot,iot And|17 And
And,8961,354.39125,46.458056,3.82,lam,lam And|16 And,8976,355.102083,44.333889,4.14,kap,kap And|19 And
And,8965,354.534167,43.268056,4.29,iot,iot And|17 And,8976,355.102083,44.333889,4.14,kap,kap And|19 And
Ant,3765,142.31125,-35.951389,4.51,eps,eps Ant,4104,156.787917,-31.067778,4.25,alf,alf Ant
Ant,4104,156.787917,-31.067778,4.25,alf,alf Ant,4273,164.179583,-37.137778,4.6,iot,iot Ant
Aps,5470,221.965,-79.044722,3.83,alf,alf Aps,6020,245.086667,-78.695833,4.68,del1,del01 Aps
Aps,6020,245.086667,-78.695833,4.68,del1,del01 Aps,6102,248.3625,-78.897222,3.89,gam,gam Aps
Aps,6020,245.086667,-78.695833,4.68,del1,del01 Aps,6163,250.769167,-77.5175,4.24,bet,bet Aps
Aps,6102,248.3625,-78.897222,3.89,gam,gam Aps,6163,250.769167,-77.5175,4.24,bet,bet Aps
Aql,7176,284.905833,15.068333,4.02,eps,ENG 65A|eps Aql|13 Aql,7235,286.3525,13.863333,2.99,zet,BU 287A|POP 1225A|zet Aql|17 Aql
Aql,7193,285.42,-5.738889,4.02,-,i Aql|12 Aql,7236,286.562083,-4.8825,3.44,lam,lam Aql|16 Aql
Aql,7235,286.3525,13.863333,2.99,zet,BU 287A|POP 1225A|zet Aql|17 Aql,7236,286.562083,-4.8825,3.44,lam,lam Aql|16 Aql
Aql,7235,286.3525,13.863333,2.99,zet,BU 287A|POP 1225A|zet Aql|17 Aql,7377,291.374583,3.114722,3.36,del,BUP 190A|BNU 6|del Aql|30 Aql
Aql,7236,286.562083,-4.8825,3.44,lam,lam Aql|16 Aql,7377,291.374583,3.114722,3.36,del,BUP 190A|BNU 6|del Aql|30 Aql
Aql,7236,286.562083,-4.8825,3.44,lam,lam Aql|16 Aql,7447,294.180417,-1.286389,4.36,iot,iot Aql|41 Aql
Aql,7377,291.374583,3.114722,3.36,del,BUP 190A|BNU 6|del Aql|30 Aql,7525,296.565,10.613333,2.72,gam,Tarazed|gam Aql|50 Aql
Aql,7377,291.374583,3.114722,3.36,del,BUP 190A|BNU 6|del Aql|30 Aql,7570,298.118333,1.005556,3.9,eta,55 Aql|eta Aql
Aql,7447,294.180417,-1.286389,4.36,iot,iot Aql|41 Aql,7710,302.82625,-0.821389,3.23,tet,65 Aql|tet Aql
Aql,7525,296.565,10.613333,2.72,gam,Tarazed|gam Aql|50 Aql,7557,297.695833,8.868333,0.77,alf,Altair|alf Aql|53 Aql
Aql,7557,297.695833,8.868333,0.77,alf,Altair|alf Aql|53 Aql,7602,298.828333,6.406667,3.71,bet,Alshain|STT 532A|60 Aql|bet Aql
Aql,7570,298.118333,1.005556,3.9,eta,55 Aql|eta Aql,7710,302.82625,-0.821389,3.23,tet,65 Aql|tet Aql
Aqr,7950,311.919167,-9.495833,3.77,eps,Albali|eps Aqr|2 Aqr,7990,313.163333,-8.983333,4.73,mu.,MCA 64|TOK 342A|6 Aqr|mu. Aqr
Aqr,7990,313.163333,-8.983333,4.73,mu.,MCA 64|TOK 342A|6 Aqr|mu. Aqr,8232,322.889583,-5.571111,2.91,bet,Sadalsuud|bet Aqr|22 Aqr
Aqr,8232,322.889583,-5.571111,2.91,bet,Sadalsuud|bet Aqr|22 Aqr,8414,331.445833,-0.319722,2.96,alf,Sadalmelik|BUP 232A|alf Aqr|34 Aqr
Aqr,8232,322.889583,-5.571111,2.91,bet,Sadalsuud|bet Aqr|22 Aqr,8418,331.609167,-13.869722,4.27,iot,iot Aqr|33 Aqr
Aqr,8414,331.445833,-0.319722,2.96,alf,Sadalmelik|BUP 232A|alf Aqr|34 Aqr,8499,334.208333,-7.783333,4.16,tet,Ancha|tet Aqr|43 Aqr
Aqr,8414,331.445833,-0.319722,2.96,alf,Sadalmelik|BUP 232A|alf Aqr|34 Aqr,8518,335.414167,-1.387222,3.84,gam,Sadachbia|gam Aqr|48 Aqr
Aqr,8414,331.445833,-0.319722,2.96,alf,Sadalmelik|BUP 232A|alf Aqr|34 Aqr,8539,336.319167,1.3775,4.66,pi.,52 Aqr|pi. Aqr
Aqr,8499,334.208333,-7.783333,4.16,tet,Ancha|tet Aqr|43 Aqr,8698,343.15375,-7.579722,3.74,lam,lam Aqr|73 Aqr
Aqr,8518,335.414167,-1.387222,3.84,gam,Sadachbia|gam Aqr|48 Aqr,8558,337.207083,-0.020278,4.59,zet,STF 2909B|55 Aqr B|zet Aqr B|zet01 Aqr
Aqr,8539,336.319167,1.3775,4.66,pi.,52 Aqr|pi. Aqr,8558,337.207083,-0.020278,4.59,zet,STF 2909B|55 Aqr B|zet Aqr B|zet01 Aqr
Aqr,8558,337.207083,-0.020278,4.59,zet,STF 2909B|55 Aqr B|zet Aqr B|zet01 Aqr,8597,338.839167,-0.1175,4.02,eta,eta Aqr|62 Aqr
Aqr,8679,342.397917,-13.5925,4.01,tau,tau Aqr|71 Aqr|tau02 Aqr,8698,343.15375,-7.579722,3.74,lam,lam Aqr|73 Aqr
Aqr,8679,342.397917,-13.5925,4.01,tau,tau Aqr|71 Aqr|tau02 Aqr,8709,343.6625,-15.820833,3.27,del,Skat|del Aqr|76 Aqr
Aqr,8698,343.15375,-7.579722,3.74,lam,lam Aqr|73 Aqr,8834,348.580833,-6.048889,4.22,phi,phi Aqr|90 Aqr
Aqr,8709,343.6625,-15.820833,3.27,del,Skat|del Aqr|76 Aqr,8858,349.475833,-9.1825,4.39,psi2,93 Aqr|psi02 Aqr
Aqr,8834,348.580833,-6.048889,4.22,phi,phi Aqr|90 Aqr,8858,349.475833,-9.1825,4.39,psi2,93 Aqr|psi02 Aqr
Aqr,8858,349.475833,-9.1825,4.39,psi2,93 Aqr|psi02 Aqr,8892,350.7425,-20.100556,3.97,-,98 Aqr|b01 Aqr
Ara,6229,252.44625,-59.041389,3.76,eta,eta Ara,6285,254.655,-55.990278,3.13,zet,zet Ara
Ara,6229,252.44625,-59.041389,3.76,eta,eta Ara,6500,262.774583,-60.683889,3.62,del,del Ara A|del Ara
Ara,6285,254.655,-55.990278,3.13,zet,zet Ara,6295,254.89625,-53.160556,4.06,eps1,eps01 Ara
Ara,6295,254.89625,-53.160556,4.06,eps1,eps01 Ara,6510,262.960417,-49.876111,2.95,alf,HJ 4955A|alf Ara
Ara,6461,261.325,-55.53,2.85,bet,bet Ara,6462,261.348333,-56.3775,3.34,gam,HJ 4942A|ANT 5A|gam Ara
Ara,6461,261.325,-55.53,2.85,bet,bet Ara,6510,262.960417,-49.876111,2.95,alf,HJ 4955A|alf Ara
Ara,6462,261.348333,-56.3775,3.34,gam,HJ 4942A|ANT 5A|gam Ara,6500,262.774583,-60.683889,3.62,del,del Ara A|del Ara
Ara,6510,262.960417,-49.876111,2.95,alf,HJ 4955A|alf Ara,6743,271.657917,-50.091667,3.66,tet,tet Ara
Ari,546,28.3825,19.293611,4.75,gam2,Mesarthim|STF 180A|5 Ari A|gam02 Ari,553,28.66,20.808056,2.64,bet,Sheratan|MKT 3|bet Ari|6 Ari
Ari,553,28.66,20.808056,2.64,bet,Sheratan|MKT 3|bet Ari|6 Ari,617,31.793333,23.4625,2,alf,Hamal|13 Ari|alf Ari
Ari,617,31.793333,23.4625,2,alf,Hamal|13 Ari|alf Ari,838,42.495833,27.260556,3.63,-,Bharani|MCA 10|STT 47A|41 Ari
Aur,1577,74.248333,33.166111,2.69,iot,Hassaleh|iot Aur|3 Aur,1641,76.62875,41.234444,3.17,eta,Haedus|10 Aur|eta Aur
Aur,1577,74.248333,33.166111,2.69,iot,Hassaleh|iot Aur|3 Aur,1791,81.572917,28.6075,1.65,gam,Elnath|bet Tau|gam Aur|112 Tau
Aur,1605,75.492083,43.823333,2.99,eps,Almaaz|eps Aur|7 Aur,1612,75.619583,41.075833,3.75,zet,Saclateni|MKT 6|zet Aur|8 Aur
Aur,1605,75.492083,43.823333,2.99,eps,Almaaz|eps Aur|7 Aur,1708,79.1725,45.998056,0.08,alf,Capella|ANJ 1|FRH 1A|alf Aur|13 Aur
Aur,1641,76.62875,41.234444,3.17,eta,Haedus|10 Aur|eta Aur,1708,79.1725,45.998056,0.08,alf,Capella|ANJ 1|FRH 1A|alf Aur|13 Aur
Aur,1708,79.1725,45.998056,0.08,alf,Capella|ANJ 1|FRH 1A|alf Aur|13 Aur,2088,89.882083,44.9475,1.9,bet,Menkalinan|bet Aur|34 Aur
Aur,1791,81.572917,28.6075,1.65,gam,Elnath|bet Tau|gam Aur|112 Tau,2095,89.930417,37.2125,2.62,tet,Mahasim|STT 545AB|tet Aur|37 Aur
Aur,2077,89.881667,54.284722,3.72,del,del Aur|33 Aur,2088,89.882083,44.9475,1.9,bet,Menkalinan|bet Aur|34 Aur
Aur,2088,89.882083,44.9475,1.9,bet,Menkalinan|bet Aur|34 Aur,2095,89.930417,37.2125,2.62,tet,Mahasim|STT 545AB|tet Aur|37 Aur
Boo,5235,208.67125,18.397778,2.68,eta,Muphrid|SHJ 169A|eta Boo|8 Boo,5340,213.915417,19.1825,-0.04,alf,Arcturus|alf Boo|16 Boo
Boo,5329,213.370833,51.790278,4.54,kap2,STF 1821A|17 Boo A|kap02 Boo,5351,214.095833,46.088333,4.18,lam,Xuange|lam Boo|19 Boo
Boo,5329,213.370833,51.790278,4.54,kap2,STF 1821A|17 Boo A|kap02 Boo,5404,216.299167,51.850833,4.05,tet,STT 580A|tet Boo|23 Boo
Boo,5340,213.915417,19.1825,-0.04,alf,Arcturus|alf Boo|16 Boo,5429,217.9575,30.371389,3.58,rho,25 Boo|rho Boo
Boo,5340,213.915417,19.1825,-0.04,alf,Arcturus|alf Boo|16 Boo,5478,220.287083,13.728333,4.43,zet,STF 1865A|zet Boo A|30 Boo A
Boo,5340,213.915417,19.1825,-0.04,alf,Arcturus|alf Boo|16 Boo,5506,221.246667,27.074167,2.7,eps,Izar|STF 1877A|36 Boo A|eps Boo A
Boo,5351,214.095833,46.088333,4.18,lam,Xuange|lam Boo|19 Boo,5404,216.299167,51.850833,4.05,tet,STT 580A|tet Boo|23 Boo
Boo,5351,214.095833,46.088333,4.18,lam,Xuange|lam Boo|19 Boo,5435,218.019583,38.308333,3.03,gam,Seginus|BLM 3|BU 616A|gam Boo|27 Boo
Boo,5429,217.9575,30.371389,3.58,rho,25 Boo|rho Boo,5435,218.019583,38.308333,3.03,gam,Seginus|BLM 3|BU 616A|gam Boo|27 Boo
Boo,5435,218.019583,38.308333,3.03,gam,Seginus|BLM 3|BU 616A|gam Boo|27 Boo,5602,225.486667,40.390556,3.5,bet,Nekkar|42 Boo|bet Boo
Boo,5506,221.246667,27.074167,2.7,eps,Izar|STF 1877A|36 Boo A|eps Boo A,5681,228.875833,33.314722,3.47,del,STF 27|49 Boo|del Boo
Boo,5602,225.486667,40.390556,3.5,bet,Nekkar|42 Boo|bet Boo,5681,228.875833,33.314722,3.47,del,STF 27|49 Boo|del Boo
CMa,2294,95.675,-17.955833,1.98,bet,Mirzam|2 CMa|bet CMa,2429,99.170833,-19.255833,3.95,nu.2,nu.02 CMa|7 CMa
CMa,2294,95.675,-17.955833,1.98,bet,Mirzam|2 CMa|bet CMa,2491,101.287083,-16.716111,-1.46,alf,Sirius|Dog Star|AGC 1|alf CMa|9 CMa
CMa,2429,99.170833,-19.255833,3.95,nu.2,nu.02 CMa|7 CMa,2580,103.532917,-24.183889,3.87,omi1,16 CMa|omi01 CMa
CMa,2491,101.287083,-16.716111,-1.46,alf,Sirius|Dog Star|AGC 1|alf CMa|9 CMa,2596,104.034167,-17.054167,4.37,iot,20 CMa|iot CMa
CMa,2491,101.287083,-16.716111,-1.46,alf,Sirius|Dog Star|AGC 1|alf CMa|9 CMa,2653,105.75625,-23.833333,3.02,omi2,omi02 CMa|24 CMa
CMa,2574,103.5475,-12.038611,4.07,tet,tet CMa|14 CMa,2596,104.034167,-17.054167,4.37,iot,20 CMa|iot CMa
CMa,2574,103.5475,-12.038611,4.07,tet,tet CMa|14 CMa,2657,105.939583,-15.633333,4.12,gam,Muliphein|gam CMa|23 CMa
CMa,2580,103.532917,-24.183889,3.87,omi1,16 CMa|omi01 CMa,2618,104.65625,-28.972222,1.5,eps,Adhara|eps CMa|21 CMa
CMa,2596,104.034167,-17.054167,4.37,iot,20 CMa|iot CMa,2657,105.939583,-15.633333,4.12,gam,Muliphein|gam CMa|23 CMa
CMa,2618,104.65625,-28.972222,1.5,eps,Adhara|eps CMa|21 CMa,2693,107.097917,-26.393333,1.84,del,Wezen|25 CMa|del CMa
CMa,2653,105.75625,-23.833333,3.02,omi2,omi02 CMa|24 CMa,2693,107.097917,-26.393333,1.84,del,Wezen|25 CMa|del CMa
CMa,2693,107.097917,-26.393333,1.84,del,Wezen|25 CMa|del CMa,2827,111.02375,-29.303056,2.45,eta,Aludra|eta CMa|31 CMa
CMi,2845,111.7875,8.289444,2.9,bet,Gomeisa|BUP 101A|bet CMi|3 CMi,2943,114.825417,5.225,0.38,alf,Procyon|SHB 1|10 CMi|alf CMi
CVn,4785,188.435417,41.3575,4.26,bet,Chara|BU 1433A|BNU 4|8 CVn|bet CVn,4915,194.007083,38.318333,2.9,alf,Cor Caroli|STF 1692A|alf CVn A|alf02 CVn|12 CVn A
Cae,1443,67.70875,-44.953889,5.07,del,del Cae,1502,70.140417,-41.863889,4.45,alf,alf Cae
Cae,1502,70.140417,-41.863889,4.45,alf,alf Cae,1503,70.514583,-37.144444,5.05,bet,bet Cae
Cae,1503,70.514583,-37.144444,5.05,bet,bet Cae,1652,76.101667,-35.483333,4.55,gam1,JC 9|gam01 Cae|gam Cae
Cam,1035,52.267083,59.940278,4.21,-,STF 385AB,1155,57.38,65.526111,4.47,-,-
Cam,1148,57.589583,71.332222,4.63,gam,HJ 2200A|gam Cam,1155,57.38,65.526111,4.47,-,-
Cam,1148,57.589583,71.332222,4.63,gam,HJ 2200A|gam Cam,1542,73.5125,66.342778,4.29,alf,alf Cam|9 Cam
Cam,1542,73.5125,66.342778,4.29,alf,alf Cam|9 Cam,1603,75.854583,60.442222,4.03,bet,bet Cam|10 Cam
Cam,1568,74.321667,53.752222,4.47,-,D 5|STF 610AB|7 Cam,1603,75.854583,60.442222,4.03,bet,bet Cam|10 Cam
Cam,1603,75.854583,60.442222,4.03,bet,bet Cam|10 Cam,2209,94.711667,69.319722,4.8,-,-
Cam,2209,94.711667,69.319722,4.8,-,-,2527,105.016667,76.9775,4.55,-,-
Cap,7747,304.412083,-12.508333,4.24,alf1,Prima Giedi|WZ 15|BU 295A|HJ 607A|5 Cap|alf01 Cap,7776,305.252917,-14.781389,3.08,bet1,Dabih Major|BLA 7|bet01 Cap|9 Cap
Cap,7747,304.412083,-12.508333,4.24,alf1,Prima Giedi|WZ 15|BU 295A|HJ 607A|5 Cap|alf01 Cap,8075,316.486667,-17.232778,4.07,tet,tet Cap|23 Cap
Cap,7776,305.252917,-14.781389,3.08,bet1,Dabih Major|BLA 7|bet01 Cap|9 Cap,7936,311.52375,-25.270833,4.14,psi,psi Cap|16 Cap
Cap,7936,311.52375,-25.270833,4.14,psi,psi Cap|16 Cap,7980,312.955417,-26.919167,4.11,ome,ome Cap|18 Cap
Cap,7980,312.955417,-26.919167,4.11,ome,ome Cap|18 Cap,8204,321.666667,-22.411389,3.74,zet,SEE 446A|zet Cap|34 Cap
Cap,8075,316.486667,-17.232778,4.07,tet,tet Cap|23 Cap,8278,325.022917,-16.662222,3.68,gam,Nashira|gam Cap|40 Cap
Cap,8204,321.666667,-22.411389,3.74,zet,SEE 446A|zet Cap|34 Cap,8278,325.022917,-16.662222,3.68,gam,Nashira|gam Cap|40 Cap
Cap,8278,325.022917,-16.662222,3.68,gam,Nashira|gam Cap|40 Cap,8322,326.76,-16.127222,2.87,del,Deneb Algedi|del Cap|49 Cap
Car,2326,95.987917,-52.695833,-0.72,alf,Canopus|alf Car,3685,138.3,-69.717222,1.68,bet,Miaplacidus|bet Car
Car,3117,119.194583,-52.982222,3.47,chi,chi Car,3206,122.372083,-47.345833,4.27,gam1,DUN 65B|WSI 55|gam01 Vel
Car,3117,119.194583,-52.982222,3.47,chi,chi Car,3307,125.628333,-59.509722,1.86,eps,Avior|HDS 1190|eps Car
Car,3307,125.628333,-59.509722,1.86,eps,Avior|HDS 1190|eps Car,3699,139.2725,-59.275278,2.25,iot,Aspidiske|iot Car
Car,3485,131.175833,-54.708333,1.96,del,Alsephina|I 10AB|del Vel,3699,139.2725,-59.275278,2.25,iot,Aspidiske|iot Car
Car,3685,138.3,-69.717222,1.68,bet,Miaplacidus|bet Car,4037,153.434167,-70.038056,3.32,ome,ome Car
Car,3699,139.2725,-59.275278,2.25,iot,Aspidiske|iot Car,4050,154.270833,-61.332222,3.4,-,q Car
Car,4037,153.434167,-70.038056,3.32,ome,ome Car,4199,160.739167,-64.394444,2.76,tet,tet Car
Car,4050,154.270833,-61.332222,3.4,-,q Car,4140,158.005833,-61.685278,3.32,-,p Car
Car,4140,158.005833,-61.685278,3.32,-,p Car,4199,160.739167,-64.394444,2.76,tet,tet Car
Car,4140,158.005833,-61.685278,3.32,-,p Car,4210,161.265,-59.684167,6.21,eta,eta Car|eta Car A|eta Car B
Car,4199,160.739167,-64.394444,2.76,tet,tet Car,4325,166.635,-62.424167,4.61,-,z Car
Car,4210,161.265,-59.684167,6.21,eta,eta Car|eta Car A|eta Car B,4257,163.373333,-58.853333,3.78,-,u Car
Car,4257,163.373333,-58.853333,3.78,-,u Car,4352,168.15,-60.3175,4.6,-,y Car
Car,4325,166.635,-62.424167,4.61,-,z Car,4338,167.141667,-61.947222,5.13,-,-
Car,4338,167.141667,-61.947222,5.13,-,-,4352,168.15,-60.3175,4.6,-,y Car
Cas,21,2.294583,59.149722,2.27,bet,Caph|bet Cas|11 Cas,168,10.127083,56.537222,2.23,alf,Schedar|alf Cas|18 Cas
Cas,168,10.127083,56.537222,2.23,alf,Schedar|alf Cas|18 Cas,264,14.177083,60.716667,2.47,gam,BU 499A|BU 1028|gam Cas|27 Cas
Cas,264,14.177083,60.716667,2.47,gam,BU 499A|BU 1028|gam Cas|27 Cas,403,21.454167,60.235278,2.68,del,Ruchbah|BUP 19A|del Cas|37 Cas
Cas,403,21.454167,60.235278,2.68,del,Ruchbah|BUP 19A|del Cas|37 Cas,542,28.59875,63.67,3.38,eps,Segin|eps Cas|45 Cas
Cen,4390,170.251667,-54.491111,3.89,pi.,I 879|pi. Cen,4621,182.089583,-50.7225,2.6,del,del Cen
Cen,4441,172.942083,-59.442222,5.13,omi1,omi01 Cen,4638,182.912917,-52.368611,3.96,rho,rho Cen
Cen,4621,182.089583,-50.7225,2.6,del,del Cen,4743,187.01,-50.230556,3.91,sig,RIZ 3|sig Cen
Cen,4638,182.912917,-52.368611,3.96,rho,rho Cen,4743,187.01,-50.230556,3.91,sig,RIZ 3|sig Cen
Cen,4743,187.01,-50.230556,3.91,sig,RIZ 3|sig Cen,4819,190.379167,-48.959722,2.17,gam,HJ 4539AB|gam Cen
Cen,4817,189.96875,-39.9875,4.64,-,l Cen,5028,200.149167,-36.712222,2.75,iot,iot Cen
Cen,4819,190.379167,-48.959722,2.17,gam,HJ 4539AB|gam Cen,5132,204.971667,-53.466389,2.3,eps,eps Cen
Cen,4819,190.379167,-48.959722,2.17,gam,HJ 4539AB|gam Cen,5231,208.885,-47.288333,2.55,zet,zet Cen
Cen,5028,200.149167,-36.712222,2.75,iot,iot Cen,5089,202.76125,-39.4075,3.88,-,SEE 179|d Cen
Cen,5089,202.76125,-39.4075,3.88,-,SEE 179|d Cen,5190,207.37625,-41.687778,3.41,nu.,nu. Cen
Cen,5132,204.971667,-53.466389,2.3,eps,eps Cen,5231,208.885,-47.288333,2.55,zet,zet Cen
Cen,5132,204.971667,-53.466389,2.3,eps,eps Cen,5267,210.955833,-60.373056,0.61,bet,Hadar|Agena|VOU 31AB|bet Cen
Cen,5190,207.37625,-41.687778,3.41,nu.,nu. Cen,5193,207.404167,-42.473889,3.04,mu.,SHT 53|HDO 226A|mu. Cen
Cen,5190,207.37625,-41.687778,3.41,nu.,nu. Cen,5288,211.670833,-36.37,2.06,tet,Menkent|tet Cen|5 Cen
Cen,5193,207.404167,-42.473889,3.04,mu.,SHT 53|HDO 226A|mu. Cen,5231,208.885,-47.288333,2.55,zet,zet Cen
Cen,5231,208.885,-47.288333,2.55,zet,zet Cen,5249,209.67,-44.803611,3.87,ups1,ups01 Cen
Cen,5248,209.567917,-42.100833,3.83,phi,phi Cen,5249,209.67,-44.803611,3.87,ups1,ups01 Cen
Cen,5248,209.567917,-42.100833,3.83,phi,phi Cen,5285,211.511667,-41.179722,4.36,chi,chi Cen
Cen,5248,209.567917,-42.100833,3.83,phi,phi Cen,5440,218.876667,-42.157778,2.31,eta,eta Cen
Cen,5267,210.955833,-60.373056,0.61,bet,Hadar|Agena|VOU 31AB|bet Cen,5459,219.899583,-60.835278,-0.01,alf,Rigil Kentaurus|RHD 1A|alf Cen A|alf01 Cen
Cen,5285,211.511667,-41.179722,4.36,chi,chi Cen,5367,215.139167,-37.885278,4.05,psi,psi Cen
Cen,5288,211.670833,-36.37,2.06,tet,Menkent|tet Cen|5 Cen,5367,215.139167,-37.885278,4.05,psi,psi Cen
Cen,5440,218.876667,-42.157778,2.31,eta,eta Cen,5576,224.790417,-42.104167,3.13,kap,I 1260AB|kap Cen
Cep,7850,307.395417,62.994167,4.22,tet,2 Cep|tet Cep,7957,311.3225,61.838889,3.43,eta,eta Cep|3 Cep
Cep,7957,311.3225,61.838889,3.43,eta,eta Cep|3 Cep,8162,319.645,62.585556,2.44,alf,Alderamin|5 Cep|alf Cep
Cep,8162,319.645,62.585556,2.44,alf,Alderamin|5 Cep|alf Cep,8238,322.165,70.560833,3.23,bet,Alfirk|LAB 6|STF 2806A|8 Cep|bet Cep
Cep,8162,319.645,62.585556,2.44,alf,Alderamin|5 Cep|alf Cep,8316,325.876667,58.78,4.08,mu.,Erakis|Herschel's Garnet Star|mu. Cep
Cep,8238,322.165,70.560833,3.23,bet,Alfirk|LAB 6|STF 2806A|8 Cep|bet Cep,8694,342.42,66.200556,3.52,iot,iot Cep|32 Cep
Cep,8238,322.165,70.560833,3.23,bet,Alfirk|LAB 6|STF 2806A|8 Cep|bet Cep,8974,354.836667,77.6325,3.21,gam,Errai|NHR 9|gam Cep|35 Cep
Cep,8316,325.876667,58.78,4.08,mu.,Erakis|Herschel's Garnet Star|mu. Cep,8494,333.758333,57.043611,4.19,eps,MWT 1|eps Cep|23 Cep
Cep,8465,332.71375,58.201111,3.35,zet,zet Cep|21 Cep,8494,333.758333,57.043611,4.19,eps,MWT 1|eps Cep|23 Cep
Cep,8465,332.71375,58.201111,3.35,zet,zet Cep|21 Cep,8571,337.292917,58.415278,3.75,del,27 Cep|del Cep
Cep,8571,337.292917,58.415278,3.75,del,27 Cep|del Cep,8694,342.42,66.200556,3.52,iot,iot Cep|32 Cep
Cep,8694,342.42,66.200556,3.52,iot,iot Cep|32 Cep,8974,354.836667,77.6325,3.21,gam,Errai|NHR 9|gam Cep|35 Cep
Cet,74,4.857083,-8.823889,3.56,iot,8 Cet|iot Cet,188,10.8975,-17.986667,2.04,bet,Diphda|bet Cet|16 Cet
Cet,74,4.857083,-8.823889,3.56,iot,8 Cet|iot Cet,334,17.1475,-10.182222,3.45,eta,BUP 16A|eta Cet|31 Cet
Cet,188,10.8975,-17.986667,2.04,bet,Diphda|bet Cet|16 Cet,509,26.017083,-15.9375,3.5,tau,tau Cet|52 Cet
Cet,334,17.1475,-10.182222,3.45,eta,BUP 16A|eta Cet|31 Cet,402,21.005833,-8.183333,3.6,tet,tet Cet|45 Cet
Cet,402,21.005833,-8.183333,3.6,tet,tet Cet|45 Cet,539,27.865,-10.335,3.73,zet,Baten Kaitos|BNU 1|BUP 26A|zet Cet|55 Cet
Cet,509,26.017083,-15.9375,3.5,tau,tau Cet|52 Cet,539,27.865,-10.335,3.73,zet,Baten Kaitos|BNU 1|BUP 26A|zet Cet|55 Cet
Cet,539,27.865,-10.335,3.73,zet,Baten Kaitos|BNU 1|BUP 26A|zet Cet|55 Cet,681,34.83625,-2.9775,3.04,omi,Mira|JOY 1|BU 1371A|68 Cet|omi Cet
Cet,681,34.83625,-2.9775,3.04,omi,Mira|JOY 1|BU 1371A|68 Cet|omi Cet,779,39.870833,0.328611,4.07,del,82 Cet|del Cet
Cet,718,37.039583,8.46,4.28,ksi2,73 Cet|ksi02 Cet,804,40.825,3.235833,3.47,gam,Kaffaljidhma|STF 299|gam Cet|86 Cet
Cet,718,37.039583,8.46,4.28,ksi2,73 Cet|ksi02 Cet,813,41.235417,10.114167,4.27,mu.,TOK 1|87 Cet|mu. Cet
Cet,779,39.870833,0.328611,4.07,del,82 Cet|del Cet,804,40.825,3.235833,3.47,gam,Kaffaljidhma|STF 299|gam Cet|86 Cet
Cet,804,40.825,3.235833,3.47,gam,Kaffaljidhma|STF 299|gam Cet|86 Cet,911,45.57,4.089722,2.53,alf,Menkar|alf Cet|92 Cet
Cet,813,41.235417,10.114167,4.27,mu.,TOK 1|87 Cet|mu. Cet,896,44.92875,8.9075,4.7,lam,lam Cet|91 Cet
Cet,896,44.92875,8.9075,4.7,lam,lam Cet|91 Cet,911,45.57,4.089722,2.53,alf,Menkar|alf Cet|92 Cet
Cha,3318,124.631667,-76.919722,4.07,alf,alf Cha,4174,158.867083,-78.607778,4.11,gam,gam Cha
Cha,4174,158.867083,-78.607778,4.11,gam,gam Cha,4231,161.315417,-80.469722,5.47,del1,I 294|I 294AB|del01 Cha
Cha,4174,158.867083,-78.607778,4.11,gam,gam Cha,4583,179.905417,-78.221944,4.91,eps,HJ 4486|HJ 4486AB|eps Cha
Cha,4231,161.315417,-80.469722,5.47,del1,I 294|I 294AB|del01 Cha,4674,184.58625,-79.312222,4.26,bet,bet Cha
Cha,4583,179.905417,-78.221944,4.91,eps,HJ 4486|HJ 4486AB|eps Cha,4674,184.58625,-79.312222,4.26,bet,bet Cha
Cir,5463,220.626667,-64.975278,3.19,alf,DUN 166A|alf Cir A|alf Cir,5670,229.378333,-58.801111,4.07,bet,SML 1A|bet Cir
Cir,5463,220.626667,-64.975278,3.19,alf,DUN 166A|alf Cir A|alf Cir,5704,230.844583,-59.320833,4.51,gam,HJ 4757|gam Cir
Cnc,3249,124.12875,9.185556,3.52,bet,Altarf|17 Cnc|bet Cnc,3461,131.17125,18.154167,3.94,del,Asellus Australis|TOK 3|HJ 457A|del Cnc|47 Cnc
Cnc,3449,130.82125,21.468611,4.66,gam,Asellus Borealis|gam Cnc|43 Cnc,3461,131.17125,18.154167,3.94,del,Asellus Australis|TOK 3|HJ 457A|del Cnc|47 Cnc
Cnc,3449,130.82125,21.468611,4.66,gam,Asellus Borealis|gam Cnc|43 Cnc,3475,131.674167,28.76,4.02,iot,STF 1268A|iot Cnc|48 Cnc
Cnc,3461,131.17125,18.154167,3.94,del,Asellus Australis|TOK 3|HJ 457A|del Cnc|47 Cnc,3572,134.621667,11.857778,4.25,alf,Acubens|HJ 110A|65 Cnc|alf Cnc
Col,1743,79.37125,-34.895278,4.83,omi,omi Col,1956,84.912083,-34.074167,2.64,alf,Phact|alf Col
Col,1956,84.912083,-34.074167,2.64,alf,Phact|alf Col,2040,87.74,-35.768333,3.12,bet,Wazn|bet Col
Col,2040,87.74,-35.768333,3.12,bet,Wazn|bet Col,2106,89.384167,-35.283333,4.36,gam,gam Col
Col,2040,87.74,-35.768333,3.12,bet,Wazn|bet Col,2120,89.786667,-42.815278,3.96,eta,eta Col
Col,2106,89.384167,-35.283333,4.36,gam,gam Col,2256,94.137917,-35.140556,4.37,kap,kap Col
Col,2256,94.137917,-35.140556,4.37,kap,kap Col,2296,95.528333,-33.436389,3.85,del,del Col
Com,4737,186.734583,28.268333,4.36,gam,gam Com|15 Com,4983,197.968333,27.878056,4.26,bet,STT 578A|bet Com|43 Com
Com,4968,197.497083,17.529444,5.22,alf,Diadem|STF 1728A|42 Com A|alf Com A,4983,197.968333,27.878056,4.26,bet,STT 578A|bet Com|43 Com
CrB,5747,231.957083,29.105833,3.68,bet,Nusakan|JEF 1|3 CrB|bet CrB,5778,233.2325,31.359167,4.14,tet,COU 610|4 CrB|tet CrB
CrB,5747,231.957083,29.105833,3.68,bet,Nusakan|JEF 1|3 CrB|bet CrB,5793,233.672083,26.714722,2.23,alf,Alphecca|5 CrB|alf CrB|alf CrB A|alf CrB B
CrB,5793,233.672083,26.714722,2.23,alf,Alphecca|5 CrB|alf CrB|alf CrB A|alf CrB B,5849,235.685833,26.295556,3.84,gam,STF 1967|8 CrB|gam CrB
CrB,5849,235.685833,26.295556,3.84,gam,STF 1967|8 CrB|gam CrB,5889,237.39875,26.068333,4.63,del,del CrB|10 CrB
CrB,5889,237.39875,26.068333,4.63,del,del CrB|10 CrB,5947,239.397083,26.877778,4.15,eps,AGC 7A|eps CrB|13 CrB
CrB,5947,239.397083,26.877778,4.15,eps,AGC 7A|eps CrB|13 CrB,5971,240.360833,29.851111,4.99,iot,14 CrB|iot CrB
Cra,6951,278.375833,-42.3125,4.64,tet,tet CrA,7242,287.087083,-40.496667,4.59,del,del CrA
Cra,7226,286.604583,-37.063333,4.93,gam,HJ 5084A|gam CrA A,7254,287.367917,-37.904444,4.11,alf,Meridiana|alf CrA
Cra,7242,287.087083,-40.496667,4.59,del,del CrA,7259,287.507083,-39.340833,4.11,bet,bet CrA
Cra,7254,287.367917,-37.904444,4.11,alf,Meridiana|alf CrA,7259,287.507083,-39.340833,4.11,bet,bet CrA
Crt,4287,164.94375,-18.298889,4.08,alf,Alkes|alf Crt|7 Crt,4343,167.914583,-22.825833,4.48,bet,bet Crt|11 Crt
Crt,4287,164.94375,-18.298889,4.08,alf,Alkes|alf Crt|7 Crt,4382,169.835417,-14.778611,3.56,del,del Crt|12 Crt
Crt,4343,167.914583,-22.825833,4.48,bet,bet Crt|11 Crt,4405,171.220417,-17.683889,4.08,gam,HJ 840|gam Crt|15 Crt
Crt,4382,169.835417,-14.778611,3.56,del,del Crt|12 Crt,4402,171.1525,-10.859444,4.83,eps,eps Crt|14 Crt
Crt,4382,169.835417,-14.778611,3.56,del,del Crt|12 Crt,4405,171.220417,-17.683889,4.08,gam,HJ 840|gam Crt|15 Crt
Crt,4402,171.1525,-10.859444,4.83,eps,eps Crt|14 Crt,4468,174.170417,-9.802222,4.7,tet,tet Crt|21 Crt
Crt,4405,171.220417,-17.683889,4.08,gam,HJ 840|gam Crt|15 Crt,4514,176.190833,-18.350833,4.73,zet,HDS 1658|zet Crt|27 Crt
Crt,4514,176.190833,-18.350833,4.73,zet,HDS 1658|zet Crt|27 Crt,4567,179.00375,-17.150833,5.18,eta,eta Crt|30 Crt
Cru,4656,183.78625,-58.748889,2.8,del,del Cru,4853,191.93,-59.688611,1.25,bet,Mimosa|bet Cru
Cru,4730,186.649583,-63.099167,1.33,-,-,4763,187.79125,-57.113333,1.63,gam,Gacrux|gam Cru
Crv,4623,182.103333,-24.728889,4.02,alf,Alchiba|alf Crv|1 Crv,4630,182.53125,-22.619722,3,eps,Minkar|eps Crv|2 Crv
Crv,4630,182.53125,-22.619722,3,eps,Minkar|eps Crv|2 Crv,4662,183.951667,-17.541944,2.59,gam,Gienah Corvi|gam Crv|4 Crv
Crv,4630,182.53125,-22.619722,3,eps,Minkar|eps Crv|2 Crv,4786,188.596667,-23.396667,2.65,bet,Kraz|bet Crv|9 Crv
Crv,4662,183.951667,-17.541944,2.59,gam,Gienah Corvi|gam Crv|4 Crv,4757,187.46625,-16.515556,2.95,del,Algorab|SHJ 145A|del Crv|7 Crv
Crv,4757,187.46625,-16.515556,2.95,del,Algorab|SHJ 145A|del Crv|7 Crv,4786,188.596667,-23.396667,2.65,bet,Kraz|bet Crv|9 Crv
Cyg,7328,289.275833,53.368611,3.77,kap,kap Cyg|1 Cyg,7420,292.42625,51.729722,3.79,iot,iot Cyg|10 Cyg|iot02 Cyg
Cyg,7417,292.680417,27.959722,3.08,bet1,Albireo|Albereo|MCA 55|STF 4043A|bet01 Cyg|6 Cyg A|bet Cyg A,7615,299.076667,35.083333,3.89,eta,BU 980A|eta Cyg|21 Cyg
Cyg,7420,292.42625,51.729722,3.79,iot,iot Cyg|10 Cyg|iot02 Cyg,7528,296.24375,45.130833,2.87,del,STF 2579|STF 2579AB|del Cyg|18 Cyg
Cyg,7420,292.42625,51.729722,3.79,iot,iot Cyg|10 Cyg|iot02 Cyg,7751,303.867917,47.714444,3.98,tet2,omi02 Cyg|32 Cyg|tet02 Cyg
Cyg,7528,296.24375,45.130833,2.87,del,STF 2579|STF 2579AB|del Cyg|18 Cyg,7796,305.557083,40.256667,2.2,gam,SADR|37 Cyg|gam Cyg
Cyg,7615,299.076667,35.083333,3.89,eta,BU 980A|eta Cyg|21 Cyg,7796,305.557083,40.256667,2.2,gam,SADR|37 Cyg|gam Cyg
Cyg,7751,303.867917,47.714444,3.98,tet2,omi02 Cyg|32 Cyg|tet02 Cyg,7924,310.357917,45.280278,1.25,alf,Deneb|alf Cyg|50 Cyg
Cyg,7796,305.557083,40.256667,2.2,gam,SADR|37 Cyg|gam Cyg,7924,310.357917,45.280278,1.25,alf,Deneb|alf Cyg|50 Cyg
Cyg,7796,305.557083,40.256667,2.2,gam,SADR|37 Cyg|gam Cyg,7949,311.552917,33.970278,2.46,eps,Aljanah|LEP 96A|BU 676A|STT 594A|CHR 100|eps Cyg B|eps Cyg|eps Cyg A|53 Cyg
Cyg,7924,310.357917,45.280278,1.25,alf,Deneb|alf Cyg|50 Cyg,8028,314.293333,41.167222,3.94,nu.,HDS 2986|58 Cyg|nu. Cyg
Cyg,7949,311.552917,33.970278,2.46,eps,Aljanah|LEP 96A|BU 676A|STT 594A|CHR 100|eps Cyg B|eps Cyg|eps Cyg A|53 Cyg,8115,318.234167,30.226944,3.2,zet,BUP 227A|FYM 141A|BAS 7|zet Cyg|64 Cyg
Cyg,8028,314.293333,41.167222,3.94,nu.,HDS 2986|58 Cyg|nu. Cyg,8115,318.234167,30.226944,3.2,zet,BUP 227A|FYM 141A|BAS 7|zet Cyg|64 Cyg
Del,7852,308.303333,11.303333,4.03,eps,Aldulfin|eps Del|2 Del,7882,309.3875,14.595278,3.63,bet,Rotanev|BU 151|LBZ 1AB|STF 2704AB|HJ 5545AB|6 Del|bet Del
Del,7882,309.3875,14.595278,3.63,bet,Rotanev|BU 151|LBZ 1AB|STF 2704AB|HJ 5545AB|6 Del|bet Del,7906,309.909583,15.911944,3.77,alf,Sualocin|Svalocin|WCK 2|BU 298A|HJ 1554A|alf Del|9 Del
Del,7882,309.3875,14.595278,3.63,bet,Rotanev|BU 151|LBZ 1AB|STF 2704AB|HJ 5545AB|6 Del|bet Del,7928,310.864583,15.074444,4.43,del,del Del|11 Del
Del,7906,309.909583,15.911944,3.77,alf,Sualocin|Svalocin|WCK 2|BU 298A|HJ 1554A|alf Del|9 Del,7948,311.664583,16.124167,4.27,gam2,gam02 Del|12 Del A
Del,7928,310.864583,15.074444,4.43,del,del Del|11 Del,7948,311.664583,16.124167,4.27,gam2,gam02 Del|12 Del A
Dor,1338,64.006667,-51.486667,4.25,gam,gam Dor,1465,68.499167,-55.045,3.27,alf,B 2092|alf Dor
Dor,1465,68.499167,-55.045,3.27,alf,B 2092|alf Dor,1674,76.3775,-57.472778,4.72,zet,SHY 22A|zet Dor
Dor,1465,68.499167,-55.045,3.27,alf,B 2092|alf Dor,1922,83.40625,-62.489722,3.76,bet,bet Dor
Dor,1674,76.3775,-57.472778,4.72,zet,SHY 22A|zet Dor,1922,83.40625,-62.489722,3.76,bet,bet Dor
Dor,1922,83.40625,-62.489722,3.76,bet,bet Dor,2015,86.193333,-65.735556,4.35,del,del Dor
Dor,1922,83.40625,-62.489722,3.76,bet,bet Dor,2102,88.525417,-63.09,4.65,-,-
Dor,2015,86.193333,-65.735556,4.35,del,del Dor,2102,88.525417,-63.09,4.65,-,-
Dra,4434,172.850833,69.331111,3.84,lam,Giausar|1 Dra|lam Dra,4787,188.370833,69.788333,3.87,kap,kap Dra|5 Dra
Dra,4787,188.370833,69.788333,3.87,kap,kap Dra|5 Dra,5291,211.097083,64.375833,3.65,alf,Thuban|11 Dra|alf Dra
Dra,5291,211.097083,64.375833,3.65,alf,Thuban|11 Dra|alf Dra,5744,231.2325,58.966111,3.29,iot,Edasich|BUP 162A|12 Dra|iot Dra
Dra,5744,231.2325,58.966111,3.29,iot,Edasich|BUP 162A|12 Dra|iot Dra,5986,240.472083,58.565278,4.01,tet,13 Dra|tet Dra
Dra,5986,240.472083,58.565278,4.01,tet,13 Dra|tet Dra,6132,245.997917,61.514167,2.74,eta,Athebyne|eta Dra|14 Dra
Dra,6132,245.997917,61.514167,2.74,eta,Athebyne|eta Dra|14 Dra,6396,257.196667,65.714722,3.17,zet,Aldhibah|STA 1AB|zet Dra|22 Dra
Dra,6396,257.196667,65.714722,3.17,zet,Aldhibah|STA 1AB|zet Dra|22 Dra,6920,275.189583,71.337778,4.22,phi,STT 353|STT 353AB|43 Dra|phi Dra
Dra,6536,262.608333,52.301389,2.79,bet,Rastaban|bet Dra|23 Dra,6554,263.044167,55.184167,4.88,nu.1,STF 4035B|24 Dra|nu.01 Dra
Dra,6536,262.608333,52.301389,2.79,bet,Rastaban|bet Dra|23 Dra,6705,269.151667,51.488889,2.23,gam,Eltanin|Etamin|gam Dra|33 Dra
Dra,6554,263.044167,55.184167,4.88,nu.1,STF 4035B|24 Dra|nu.01 Dra,6688,268.382083,56.872778,3.75,ksi,Grumium|ksi Dra|32 Dra
Dra,6688,268.382083,56.872778,3.75,ksi,Grumium|ksi Dra|32 Dra,6705,269.151667,51.488889,2.23,gam,Eltanin|Etamin|gam Dra|33 Dra
Dra,6688,268.382083,56.872778,3.75,ksi,Grumium|ksi Dra|32 Dra,7310,288.13875,67.661667,3.07,del,Altais|del Dra|57 Dra
Dra,6920,275.189583,71.337778,4.22,phi,STT 353|STT 353AB|43 Dra|phi Dra,6927,275.264167,72.732778,3.57,chi,LAB 5|BUP 182A|chi Dra A|chi Dra|44 Dra|chi Dra B
Dra,6920,275.189583,71.337778,4.22,phi,STT 353|STT 353AB|43 Dra|phi Dra,7310,288.13875,67.661667,3.07,del,Altais|del Dra|57 Dra
Dra,7310,288.13875,67.661667,3.07,del,Altais|del Dra|57 Dra,7582,297.043333,70.267778,3.83,eps,Tyl|STF 2603|63 Dra|eps Dra
Equ,8097,317.585417,10.131667,4.69,gam,KNT 5|BU 71AB|STF 4054AB|gam Equ|5 Equ,8123,318.620417,10.006944,4.49,del,STT 535|STF 2777AB|7 Equ|del Equ
Equ,8123,318.620417,10.006944,4.49,del,STT 535|STF 2777AB|7 Equ|del Equ,8131,318.955833,5.247778,3.92,alf,Kitalpha|WRH 35|8 Equ|alf Equ
Eri,472,24.42875,-57.236667,0.46,-,-,566,28.989583,-51.608889,3.7,chi,chi Eri
Eri,566,28.989583,-51.608889,3.7,chi,chi Eri,721,36.74625,-47.703889,4.25,kap,kap Eri
Eri,721,36.74625,-47.703889,4.25,kap,kap Eri,789,39.95,-42.891667,4.75,-,s Eri|s Eri A|s Eri B
Eri,789,39.95,-42.891667,4.75,-,s Eri|s Eri A|s Eri B,794,40.166667,-39.855556,4.11,iot,iot Eri
Eri,794,40.166667,-39.855556,4.11,iot,iot Eri,898,44.567917,-40.304444,4.35,-,-
Eri,811,41.030833,-13.858611,4.25,pi.,89 Cet|pi. Cet,818,41.275833,-18.5725,4.47,tau1,1 Eri|tau01 Eri
Eri,811,41.030833,-13.858611,4.25,pi.,89 Cet|pi. Cet,874,44.107083,-8.898056,3.89,eta,Azha|eta Eri|3 Eri
Eri,818,41.275833,-18.5725,4.47,tau1,1 Eri|tau01 Eri,919,45.597917,-23.624444,4.09,tau3,11 Eri|tau03 Eri
Eri,874,44.107083,-8.898056,3.89,eta,Azha|eta Eri|3 Eri,1084,53.2325,-9.458333,3.73,eps,Ran|MBA 1A|BLA 2|eps Eri|18 Eri
Eri,898,44.567917,-40.304444,4.35,-,-,1008,49.982083,-43.069722,4.27,-,e Eri|82 Eri
Eri,919,45.597917,-23.624444,4.09,tau3,11 Eri|tau03 Eri,1003,49.879167,-21.757778,3.69,tau4,tau04 Eri|16 Eri
Eri,1003,49.879167,-21.757778,3.69,tau4,tau04 Eri|16 Eri,1088,53.447083,-21.632778,4.27,tau5,19 Eri|tau05 Eri
Eri,1008,49.982083,-43.069722,4.27,-,e Eri|82 Eri,1106,54.27375,-40.274722,4.58,-,y Eri
Eri,1084,53.2325,-9.458333,3.73,eps,Ran|MBA 1A|BLA 2|eps Eri|18 Eri,1136,55.812083,-9.763333,3.54,del,Rana|del Eri|23 Eri
Eri,1088,53.447083,-21.632778,4.27,tau5,19 Eri|tau05 Eri,1173,56.712083,-23.249722,4.23,tau6,tau06 Eri|27 Eri
Eri,1106,54.27375,-40.274722,4.58,-,y Eri,1195,57.36375,-36.200278,4.17,-,g Eri
Eri,1136,55.812083,-9.763333,3.54,del,Rana|del Eri|23 Eri,1162,56.535417,-12.101667,4.42,pi.,pi. Eri|26 Eri
Eri,1162,56.535417,-12.101667,4.42,pi.,pi. Eri|26 Eri,1231,59.5075,-13.508611,2.95,gam,Zaurak|34 Eri|gam Eri
Eri,1173,56.712083,-23.249722,4.23,tau6,tau06 Eri|27 Eri,1213,58.4275,-24.6125,4.65,tau8,33 Eri|tau08 Eri
Eri,1195,57.36375,-36.200278,4.17,-,g Eri,1347,64.47375,-33.798333,3.56,ups4,I 270AB|41 Eri|ups04 Eri
Eri,1213,58.4275,-24.6125,4.65,tau8,33 Eri|tau08 Eri,1240,59.98125,-24.016389,4.66,tau9,tau09 Eri|36 Eri
Eri,1231,59.5075,-13.508611,2.95,gam,Zaurak|34 Eri|gam Eri,1298,62.96625,-6.8375,4.04,omi1,Beid|omi01 Eri|38 Eri
Eri,1240,59.98125,-24.016389,4.66,tau9,tau09 Eri|36 Eri,1453,68.3775,-29.766667,4.51,ups1,50 Eri|ups01 Eri
Eri,1298,62.96625,-6.8375,4.04,omi1,Beid|omi01 Eri|38 Eri,1463,69.079583,-3.3525,3.93,nu.,48 Eri|nu. Eri
Eri,1347,64.47375,-33.798333,3.56,ups4,I 270AB|41 Eri|ups04 Eri,1393,66.009167,-34.016944,3.96,ups3,Beemim|d Eri|43 Eri|ups03 Eri
Eri,1393,66.009167,-34.016944,3.96,ups3,Beemim|d Eri|43 Eri|ups03 Eri,1464,68.8875,-30.562222,3.82,ups2,Theemin|52 Eri|ups02 Eri
Eri,1453,68.3775,-29.766667,4.51,ups1,50 Eri|ups01 Eri,1464,68.8875,-30.562222,3.82,ups2,Theemin|52 Eri|ups02 Eri
Eri,1463,69.079583,-3.3525,3.93,nu.,48 Eri|nu. Eri,1520,71.375417,-3.254722,4.02,mu.,57 Eri|mu. Eri
Eri,1520,71.375417,-3.254722,4.02,mu.,57 Eri|mu. Eri,1666,76.9625,-5.086389,2.79,bet,Cursa|BUP 74A|67 Eri|bet Eri
For,612,31.1225,-29.296944,4.69,nu.,nu. For,841,42.2725,-32.405833,4.46,bet,bet For
For,841,42.2725,-32.405833,4.46,bet,bet For,963,48.017917,-28.986944,3.87,alf,Dalim|alf For|12 Eri
Gem,2134,91.03,23.263333,4.16,-,KPR 23|KUI 23AB|1 Gem,2216,93.719167,22.506667,3.28,eta,Propus|BU 1008|eta Gem|7 Gem
Gem,2216,93.719167,22.506667,3.28,eta,Propus|BU 1008|eta Gem|7 Gem,2286,95.74,22.513611,2.88,mu.,Tejat|13 Gem|mu. Gem
Gem,2286,95.74,22.513611,2.88,mu.,Tejat|13 Gem|mu. Gem,2473,100.982917,25.131111,2.98,eps,Mebsuta|eps Gem|27 Gem
Gem,2343,97.240833,20.212222,4.15,nu.,BTZ 1|18 Gem|nu. Gem,2473,100.982917,25.131111,2.98,eps,Mebsuta|eps Gem|27 Gem
Gem,2421,99.427917,16.399167,1.93,gam,Alhena|gam Gem|24 Gem,2650,106.027083,20.570278,3.79,zet,Mekbuda|OCC 293|SHJ 77A|zet Gem|43 Gem
Gem,2473,100.982917,25.131111,2.98,eps,Mebsuta|eps Gem|27 Gem,2697,107.785,30.245278,4.41,tau,BU 1009AB|tau Gem|46 Gem
Gem,2484,101.3225,12.895556,3.36,ksi,Alzirr|ksi Gem|31 Gem,2763,109.523333,16.540278,3.58,lam,STF 1061|54 Gem|lam Gem
Gem,2540,103.197083,33.961111,3.6,tet,FOX 150A|tet Gem|34 Gem,2697,107.785,30.245278,4.41,tau,BU 1009AB|tau Gem|46 Gem
Gem,2650,106.027083,20.570278,3.79,zet,Mekbuda|OCC 293|SHJ 77A|zet Gem|43 Gem,2777,110.030833,21.982222,3.53,del,Wasat|55 Gem|del Gem
Gem,2697,107.785,30.245278,4.41,tau,BU 1009AB|tau Gem|46 Gem,2821,111.431667,27.798056,3.79,iot,OCC 132|60 Gem|iot Gem
Gem,2697,107.785,30.245278,4.41,tau,BU 1009AB|tau Gem|46 Gem,2852,112.277917,31.784444,4.18,rho,A 2124AB|rho Gem|62 Gem
Gem,2763,109.523333,16.540278,3.58,lam,STF 1061|54 Gem|lam Gem,2777,110.030833,21.982222,3.53,del,Wasat|55 Gem|del Gem
Gem,2777,110.030833,21.982222,3.53,del,Wasat|55 Gem|del Gem,2905,113.980417,26.895833,4.06,ups,69 Gem|ups Gem
Gem,2821,111.431667,27.798056,3.79,iot,OCC 132|60 Gem|iot Gem,2905,113.980417,26.895833,4.06,ups,69 Gem|ups Gem
Gem,2852,112.277917,31.784444,4.18,rho,A 2124AB|rho Gem|62 Gem,2890,113.65,31.888611,2.88,alf,Castor B|STF 1110B|66 Gem B|alf Gem B|alf01 Gem
Gem,2905,113.980417,26.895833,4.06,ups,69 Gem|ups Gem,2985,116.111667,24.398056,3.57,kap,STT 179|kap Gem|77 Gem
Gem,2905,113.980417,26.895833,4.06,ups,69 Gem|ups Gem,2990,116.32875,28.026111,1.14,bet,Pollux|78 Gem|bet Gem
Gru,8353,328.482083,-37.365,3.01,gam,Aldhanab|Al Dhanab|gam Gru,8411,331.52875,-39.543333,4.46,lam,lam Gru
Gru,8411,331.52875,-39.543333,4.46,lam,lam Gru,8486,333.90375,-41.346667,4.79,mu.1,CHR 187|mu.01 Gru
Gru,8425,332.058333,-46.961111,1.74,alf,Alnair|alf Gru,8556,337.3175,-43.495556,3.97,del1,del01 Gru
Gru,8425,332.058333,-46.961111,1.74,alf,Alnair|alf Gru,8636,340.667083,-46.884722,2.1,bet,Tiaki|bet Gru
Gru,8486,333.90375,-41.346667,4.79,mu.1,CHR 187|mu.01 Gru,8556,337.3175,-43.495556,3.97,del1,del01 Gru
Gru,8556,337.3175,-43.495556,3.97,del1,del01 Gru,8636,340.667083,-46.884722,2.1,bet,Tiaki|bet Gru
Gru,8636,340.667083,-46.884722,2.1,bet,Tiaki|bet Gru,8675,342.13875,-51.316944,3.49,eps,eps Gru
Gru,8675,342.13875,-51.316944,3.49,eps,eps Gru,8747,345.22,-52.754167,4.12,zet,zet Gru
Her,5914,238.16875,42.451667,4.62,chi,chi Her|1 Her,6023,242.1925,44.935,4.26,phi,NOI 2|11 Her|phi Her
Her,6023,242.1925,44.935,4.26,phi,NOI 2|11 Her|phi Her,6092,244.935,46.313333,3.89,tau,BU 1198|tau Her|22 Her
Her,6092,244.935,46.313333,3.89,tau,BU 1198|tau Her|22 Her,6168,248.525833,42.436944,4.2,sig,LAB 4|sig Her|35 Her
Her,6095,245.48,19.153056,3.75,gam,DRS 58|gam Her|20 Her,6117,246.354167,14.033333,4.57,ome,Cujam|BU 625AB|ome Her|24 Her
Her,6095,245.48,19.153056,3.75,gam,DRS 58|gam Her|20 Her,6148,247.555,21.489722,2.77,bet,Kornephoros|27 Her|bet Her
Her,6117,246.354167,14.033333,4.57,ome,Cujam|BU 625AB|ome Her|24 Her,6159,248.15125,11.488056,4.84,-,29 Her|h Her
Her,6148,247.555,21.489722,2.77,bet,Kornephoros|27 Her|bet Her,6212,250.321667,31.603056,2.81,zet,STF 2084|40 Her|zet Her
Her,6148,247.555,21.489722,2.77,bet,Kornephoros|27 Her|bet Her,6406,258.662083,14.390278,3.48,alf,Rasalgethi|STF 2140A|alf Her A|alf01 Her|64 Her A
Her,6168,248.525833,42.436944,4.2,sig,LAB 4|sig Her|35 Her,6220,250.724167,38.922222,3.53,eta,44 Her|eta Her
Her,6212,250.321667,31.603056,2.81,zet,STF 2084|40 Her|zet Her,6220,250.724167,38.922222,3.53,eta,44 Her|eta Her
Her,6212,250.321667,31.603056,2.81,zet,STF 2084|40 Her|zet Her,6324,255.0725,30.926389,3.92,eps,ISO 3|58 Her|eps Her
Her,6220,250.724167,38.922222,3.53,eta,44 Her|eta Her,6418,258.761667,36.809167,3.16,pi.,67 Her|pi. Her
Her,6324,255.0725,30.926389,3.92,eps,ISO 3|58 Her|eps Her,6410,258.757917,24.839167,3.14,del,Sarin|STF 3127AB|del Her|65 Her
Her,6324,255.0725,30.926389,3.92,eps,ISO 3|58 Her|eps Her,6418,258.761667,36.809167,3.16,pi.,67 Her|pi. Her
Her,6406,258.662083,14.390278,3.48,alf,Rasalgethi|STF 2140A|alf Her A|alf01 Her|64 Her A,6410,258.757917,24.839167,3.14,del,Sarin|STF 3127AB|del Her|65 Her
Her,6410,258.757917,24.839167,3.14,del,Sarin|STF 3127AB|del Her|65 Her,6623,266.614583,27.720556,3.42,mu.,TRN 2|STF 2220A|ABT 14A|mu. Her|86 Her|mu.01 Her|mu. Her A
Her,6418,258.761667,36.809167,3.16,pi.,67 Her|pi. Her,6695,269.063333,37.250556,3.86,tet,tet Her|91 Her
Her,6588,264.86625,46.006389,3.8,iot,BLA 5|85 Her|iot Her,6695,269.063333,37.250556,3.86,tet,tet Her|91 Her
Her,6623,266.614583,27.720556,3.42,mu.,TRN 2|STF 2220A|ABT 14A|mu. Her|86 Her|mu.01 Her|mu. Her A,6703,269.44125,29.247778,3.7,ksi,ksi Her|92 Her
Her,6703,269.44125,29.247778,3.7,ksi,ksi Her|92 Her,6779,271.885833,28.7625,3.83,omi,STA 2|omi Her|103 Her
Hor,778,39.351667,-52.543056,5.31,eta,TOK 186|EHR 2A|eta Hor,802,40.165,-54.55,5.21,zet,zet Hor
Hor,778,39.351667,-52.543056,5.31,eta,TOK 186|EHR 2A|eta Hor,810,40.639583,-50.800278,5.41,iot,iot Hor
Hor,802,40.165,-54.55,5.21,zet,zet Hor,934,45.903333,-59.737778,5.11,mu.,mu. Hor
Hor,810,40.639583,-50.800278,5.41,iot,iot Hor,868,43.470417,-49.890278,4,-,-
Hor,868,43.470417,-49.890278,4,-,-,1326,63.500417,-42.294444,3.86,alf,alf Hor
Hor,909,44.699167,-64.071389,4.99,bet,bet Hor,934,45.903333,-59.737778,5.11,mu.,mu. Hor
Hor,1302,62.710833,-41.993611,4.93,del,HDS 530|del Hor,1326,63.500417,-42.294444,3.86,alf,alf Hor
Hya,3410,129.414167,5.703611,4.16,del,BUP 118A|DRS 9|del Hya|4 Hya,3418,129.689167,3.341389,4.44,sig,Minchir|sig Hya|5 Hya
Hya,3410,129.414167,5.703611,4.16,del,BUP 118A|DRS 9|del Hya|4 Hya,3482,131.694167,6.418889,3.38,eps,STF 1273AB|SP 1|11 Hya|eps Hya
Hya,3418,129.689167,3.341389,4.44,sig,Minchir|sig Hya|5 Hya,3454,130.80625,3.398611,4.3,eta,7 Hya|eta Hya
Hya,3454,130.80625,3.398611,4.3,eta,7 Hya|eta Hya,3492,132.108333,5.837778,4.36,rho,rho Hya|13 Hya
Hya,3482,131.694167,6.418889,3.38,eps,STF 1273AB|SP 1|11 Hya|eps Hya,3492,132.108333,5.837778,4.36,rho,rho Hya|13 Hya
Hya,3482,131.694167,6.418889,3.38,eps,STF 1273AB|SP 1|11 Hya|eps Hya,3547,133.848333,5.945556,3.11,zet,zet Hya|16 Hya
Hya,3547,133.848333,5.945556,3.11,zet,zet Hya|16 Hya,3665,138.59125,2.314167,3.88,tet,tet Hya|22 Hya
Hya,3665,138.59125,2.314167,3.88,tet,tet Hya|22 Hya,3845,144.964167,-1.142778,3.91,iot,iot Hya|35 Hya
Hya,3748,141.896667,-8.658611,1.98,alf,Alphard|alf Hya|30 Hya,3845,144.964167,-1.142778,3.91,iot,iot Hya|35 Hya
Hya,3748,141.896667,-8.658611,1.98,alf,Alphard|alf Hya|30 Hya,3903,147.869583,-14.846667,4.12,ups1,Zhang|39 Hya|ups01 Hya
Hya,3903,147.869583,-14.846667,4.12,ups1,Zhang|39 Hya|ups01 Hya,3994,152.647083,-12.354167,3.61,lam,lam Hya|41 Hya
Hya,3994,152.647083,-12.354167,3.61,lam,lam Hya|41 Hya,4094,156.5225,-16.836389,3.81,mu.,42 Hya|mu. Hya
Hya,4094,156.5225,-16.836389,3.81,mu.,42 Hya|mu. Hya,4232,162.40625,-16.193611,3.11,nu.,nu. Hya
Hya,4232,162.40625,-16.193611,3.11,nu.,nu. Hya,4450,173.250417,-31.857778,3.54,ksi,HJ 4449A|WSI 102|ksi Hya
Hya,4450,173.250417,-31.857778,3.54,ksi,HJ 4449A|WSI 102|ksi Hya,4552,178.2275,-33.908056,4.28,bet,HJ 4478|H 4478|HJ 4478AB|bet Hya
Hya,4552,178.2275,-33.908056,4.28,bet,HJ 4478|H 4478|HJ 4478AB|bet Hya,5020,199.730417,-23.171667,3,gam,46 Hya|gam Hya
Hya,5020,199.730417,-23.171667,3,gam,46 Hya|gam Hya,5287,211.592917,-26.6825,3.27,pi.,49 Hya|pi. Hya
Hya,5287,211.592917,-26.6825,3.27,pi.,49 Hya|pi. Hya,5526,222.572083,-27.960278,4.41,-,58 Hya|E Hya
Hyi,98,6.437917,-77.254167,2.8,bet,bet Hyi,591,29.6925,-61.569722,2.86,alf,alf Hyi
Hyi,98,6.437917,-77.254167,2.8,bet,bet Hyi,1208,56.809583,-74.238889,3.24,gam,gam Hyi
Hyi,591,29.6925,-61.569722,2.86,alf,alf Hyi,1208,56.809583,-74.238889,3.24,gam,gam Hyi
Ind,7869,309.391667,-47.291389,3.11,alf,alf Ind,7920,311.009583,-51.921111,4.51,eta,eta Ind
Ind,7869,309.391667,-47.291389,3.11,alf,alf Ind,8140,319.966667,-53.449722,4.39,tet,HJ 5258|tet Ind
Ind,7920,311.009583,-51.921111,4.51,eta,eta Ind,7986,313.7025,-58.454167,3.65,bet,bet Ind
Ind,7986,313.7025,-58.454167,3.65,bet,bet Ind,8368,329.479583,-54.9925,4.4,del,FIN 307|del Ind
Ind,8140,319.966667,-53.449722,4.39,tet,HJ 5258|tet Ind,8368,329.479583,-54.9925,4.4,del,FIN 307|del Ind
LMi,3791,143.37625,36.486944,6.18,-,9 LMi,3974,151.8575,35.244722,4.48,-,21 LMi
LMi,3974,151.8575,35.244722,4.48,-,21 LMi,4090,156.47875,33.796111,4.74,-,30 LMi
LMi,3974,151.8575,35.244722,4.48,-,21 LMi,4100,156.970833,36.707222,4.21,bet,HO 879|HU 879|31 LMi|bet LMi
LMi,4090,156.47875,33.796111,4.74,-,30 LMi,4247,163.327917,34.215,3.83,-,Praecipua|46 LMi
LMi,4100,156.970833,36.707222,4.21,bet,HO 879|HU 879|31 LMi|bet LMi,4247,163.327917,34.215,3.83,-,Praecipua|46 LMi
Lac,8485,333.469583,39.715,4.49,-,MCA 70Ab,8498,333.9925,37.748889,4.13,-,1 Lac
Lac,8485,333.469583,39.715,4.49,-,MCA 70Ab,8579,337.622083,43.123333,4.51,-,6 Lac
Lac,8523,335.256667,46.536667,4.57,-,HJ 1755A|2 Lac,8572,337.3825,47.706944,4.36,-,MCA 71|5 Lac
Lac,8523,335.256667,46.536667,4.57,-,HJ 1755A|2 Lac,8579,337.622083,43.123333,4.51,-,6 Lac
Lac,8538,335.89,52.229167,4.43,bet,CHR 108|bet Lac|3 Lac,8541,336.129167,49.476389,4.57,-,4 Lac
Lac,8538,335.89,52.229167,4.43,bet,CHR 108|bet Lac|3 Lac,8585,337.822917,50.2825,3.77,alf,alf Lac|7 Lac
Lac,8541,336.129167,49.476389,4.57,-,4 Lac,8572,337.3825,47.706944,4.36,-,MCA 71|5 Lac
Lac,8572,337.3825,47.706944,4.36,-,MCA 71|5 Lac,8585,337.822917,50.2825,3.77,alf,alf Lac|7 Lac
Lac,8572,337.3825,47.706944,4.36,-,MCA 71|5 Lac,8632,340.12875,44.276389,4.46,-,11 Lac
Lac,8579,337.622083,43.123333,4.51,-,6 Lac,8632,340.12875,44.276389,4.46,-,11 Lac
Leo,3731,141.16375,26.182222,4.46,kap,BU 105AB|1 Leo|kap Leo,3773,142.93,22.968056,4.31,lam,Alterf|lam Leo|4 Leo
Leo,3731,141.16375,26.182222,4.46,kap,BU 105AB|1 Leo|kap Leo,3905,148.190833,26.006944,3.88,mu.,Rasalas|mu. Leo|24 Leo
Leo,3773,142.93,22.968056,4.31,lam,Alterf|lam Leo|4 Leo,3873,146.462917,23.774167,2.98,eps,17 Leo|eps Leo
Leo,3873,146.462917,23.774167,2.98,eps,17 Leo|eps Leo,3905,148.190833,26.006944,3.88,mu.,Rasalas|mu. Leo|24 Leo
Leo,3873,146.462917,23.774167,2.98,eps,17 Leo|eps Leo,3975,151.833333,16.762778,3.52,eta,WRH 18AB|30 Leo|eta Leo
Leo,3905,148.190833,26.006944,3.88,mu.,Rasalas|mu. Leo|24 Leo,4031,154.1725,23.417222,3.44,zet,Adhafera|36 Leo|zet Leo
Leo,3975,151.833333,16.762778,3.52,eta,WRH 18AB|30 Leo|eta Leo,3982,152.092917,11.967222,1.35,alf,Regulus|STF 5006A|alf Leo|32 Leo
Leo,3975,151.833333,16.762778,3.52,eta,WRH 18AB|30 Leo|eta Leo,4057,154.992917,19.841667,2.61,gam,Algieba|STF 1424A|gam Leo A|41 Leo A|gam01 Leo
Leo,3975,151.833333,16.762778,3.52,eta,WRH 18AB|30 Leo|eta Leo,4359,168.56,15.429444,3.34,tet,Chertan|70 Leo|tet Leo
Leo,4031,154.1725,23.417222,3.44,zet,Adhafera|36 Leo|zet Leo,4057,154.992917,19.841667,2.61,gam,Algieba|STF 1424A|gam Leo A|41 Leo A|gam01 Leo
Leo,4057,154.992917,19.841667,2.61,gam,Algieba|STF 1424A|gam Leo A|41 Leo A|gam01 Leo,4357,168.527083,20.523611,2.56,del,Zosma|del Leo|68 Leo
Leo,4357,168.527083,20.523611,2.56,del,Zosma|del Leo|68 Leo,4359,168.56,15.429444,3.34,tet,Chertan|70 Leo|tet Leo
Leo,4357,168.527083,20.523611,2.56,del,Zosma|del Leo|68 Leo,4534,177.265,14.571944,2.14,bet,Denebola|bet Leo|94 Leo
Leo,4359,168.56,15.429444,3.34,tet,Chertan|70 Leo|tet Leo,4399,170.98125,10.529167,3.94,iot,STF 1536AB|iot Leo|78 Leo
Leo,4359,168.56,15.429444,3.34,tet,Chertan|70 Leo|tet Leo,4534,177.265,14.571944,2.14,bet,Denebola|bet Leo|94 Leo
Leo,4386,170.284167,6.029444,4.05,sig,sig Leo|77 Leo,4399,170.98125,10.529167,3.94,iot,STF 1536AB|iot Leo|78 Leo
Lep,1654,76.365417,-22.371111,3.19,eps,eps Lep|2 Lep,1702,78.232917,-16.205556,3.31,mu.,5 Lep|mu. Lep
Lep,1654,76.365417,-22.371111,3.19,eps,eps Lep|2 Lep,1829,82.06125,-20.759444,2.84,bet,Nihal|BU 320|bet Lep|9 Lep
Lep,1702,78.232917,-16.205556,3.31,mu.,5 Lep|mu. Lep,1705,78.307917,-12.941389,4.36,kap,STF 661AB|kap Lep|4 Lep
Lep,1702,78.232917,-16.205556,3.31,mu.,5 Lep|mu. Lep,1756,79.89375,-13.176667,4.29,lam,lam Lep|6 Lep
Lep,1702,78.232917,-16.205556,3.31,mu.,5 Lep|mu. Lep,1865,83.1825,-17.822222,2.58,alf,Arneb|11 Lep|alf Lep
Lep,1829,82.06125,-20.759444,2.84,bet,Nihal|BU 320|bet Lep|9 Lep,1865,83.1825,-17.822222,2.58,alf,Arneb|11 Lep|alf Lep
Lep,1829,82.06125,-20.759444,2.84,bet,Nihal|BU 320|bet Lep|9 Lep,1983,86.115833,-22.448333,3.6,gam,gam Lep|13 Lep
Lep,1865,83.1825,-17.822222,2.58,alf,Arneb|11 Lep|alf Lep,1998,86.73875,-14.821944,3.55,zet,zet Lep|14 Lep
Lep,1983,86.115833,-22.448333,3.6,gam,gam Lep|13 Lep,2035,87.830417,-20.879167,3.81,del,del Lep|15 Lep
Lep,1998,86.73875,-14.821944,3.55,zet,zet Lep|14 Lep,2085,89.10125,-14.167778,3.71,eta,eta Lep|16 Lep
Lep,2035,87.830417,-20.879167,3.81,del,del Lep|15 Lep,2155,91.53875,-14.935278,4.67,tet,tet Lep|18 Lep
Lep,2085,89.10125,-14.167778,3.71,eta,eta Lep|16 Lep,2155,91.53875,-14.935278,4.67,tet,tet Lep|18 Lep
Lib,5530,222.671667,-15.997222,5.15,alf1,SHJ 186B|AOT 53B|BEU 19|8 Lib|alf01 Lib|alf Lib B,5603,226.0175,-25.281944,3.29,sig,Brachium|sig Lib|20 Lib
Lib,5530,222.671667,-15.997222,5.15,alf1,SHJ 186B|AOT 53B|BEU 19|8 Lib|alf01 Lib|alf Lib B,5685,229.251667,-9.383056,2.61,bet,Zubeneschamali|27 Lib|bet Lib
Lib,5530,222.671667,-15.997222,5.15,alf1,SHJ 186B|AOT 53B|BEU 19|8 Lib|alf01 Lib|alf Lib B,5787,233.881667,-14.789444,3.91,gam,Zubenelhakrabi|WRH 20|GOL 1A|gam Lib|38 Lib
Lib,5685,229.251667,-9.383056,2.61,bet,Zubeneschamali|27 Lib|bet Lib,5787,233.881667,-14.789444,3.91,gam,Zubenelhakrabi|WRH 20|GOL 1A|gam Lib|38 Lib
Lib,5787,233.881667,-14.789444,3.91,gam,Zubenelhakrabi|WRH 20|GOL 1A|gam Lib|38 Lib,5794,234.25625,-28.135,3.58,ups,I 1271AB|ups Lib|39 Lib
Lib,5794,234.25625,-28.135,3.58,ups,I 1271AB|ups Lib|39 Lib,5812,234.664167,-29.777778,3.66,tau,RIZ 16|tau Lib|40 Lib
Lup,5469,220.4825,-47.388333,2.3,alf,alf Lup,5649,228.07125,-52.099167,3.41,zet,zet Lup
Lup,5571,224.632917,-43.133889,2.68,bet,bet Lup,5695,230.342917,-40.6475,3.22,del,del Lup
Lup,5649,228.07125,-52.099167,3.41,zet,zet Lup,5683,229.633333,-47.875,4.27,mu.,DUN 180AB|HJ 4753|mu. Lup
Lup,5649,228.07125,-52.099167,3.41,zet,zet Lup,5948,240.030417,-38.396944,3.41,eta,eta Lup
Lup,5683,229.633333,-47.875,4.27,mu.,DUN 180AB|HJ 4753|mu. Lup,5708,230.670417,-44.689444,3.37,eps,COP 2|DUN 182A|eps Lup
Lup,5695,230.342917,-40.6475,3.22,del,del Lup,5776,233.785417,-41.166944,2.78,gam,H 4786|HJ 4786|RIZ 15A|gam Lup
Lup,5705,230.451667,-36.261389,3.56,phi1,phi01 Lup,5883,237.739583,-33.627222,3.95,chi,5 Lup|chi Lup
Lup,5705,230.451667,-36.261389,3.56,phi1,phi01 Lup,5948,240.030417,-38.396944,3.41,eta,eta Lup
Lup,5708,230.670417,-44.689444,3.37,eps,COP 2|DUN 182A|eps Lup,5776,233.785417,-41.166944,2.78,gam,H 4786|HJ 4786|RIZ 15A|gam Lup
Lup,5776,233.785417,-41.166944,2.78,gam,H 4786|HJ 4786|RIZ 15A|gam Lup,5948,240.030417,-38.396944,3.41,eta,eta Lup
Lup,5883,237.739583,-33.627222,3.95,chi,5 Lup|chi Lup,5948,240.030417,-38.396944,3.41,eta,eta Lup
Lyn,2238,94.905833,59.010833,4.48,-,2 Lyn,2560,104.31875,58.4225,4.35,-,STT 159AB|15 Lyn
Lyn,2560,104.31875,58.4225,4.35,-,STT 159AB|15 Lyn,2818,111.678333,49.211389,4.64,-,21 Lyn
Lyn,2818,111.678333,49.211389,4.64,-,21 Lyn,3275,125.70875,43.188056,4.25,-,Alsciaukat|31 Lyn
Lyn,3275,125.70875,43.188056,4.25,-,Alsciaukat|31 Lyn,3579,135.16,41.782778,3.97,-,KUI 37AB|10 UMa
Lyn,3579,135.16,41.782778,3.97,-,KUI 37AB|10 UMa,3612,136.6325,38.452222,4.56,-,-
Lyn,3612,136.6325,38.452222,4.56,-,-,3690,139.71125,36.8025,3.82,-,STF 1334AB|38 Lyn
Lyn,3690,139.71125,36.8025,3.82,-,STF 1334AB|38 Lyn,3705,140.26375,34.3925,3.13,alf,STT 571A|40 Lyn|alf Lyn
Lyr,7001,279.234583,38.783611,0.03,alf,Vega|alf Lyr|3 Lyr,7056,281.193333,37.605,4.36,zet1,6 Lyr|zet01 Lyr
Lyr,7056,281.193333,37.605,4.36,zet1,6 Lyr|zet01 Lyr,7106,282.52,33.362778,3.45,bet,Sheliak|RBR 11|BU 293A|STF 4039A|bet Lyr|10 Lyr
Lyr,7056,281.193333,37.605,4.36,zet1,6 Lyr|zet01 Lyr,7139,283.625833,36.898889,4.3,del2,del02 Lyr|12 Lyr
Lyr,7106,282.52,33.362778,3.45,bet,Sheliak|RBR 11|BU 293A|STF 4039A|bet Lyr|10 Lyr,7178,284.735833,32.689444,3.24,gam,Sulafat|gam Lyr|14 Lyr
Lyr,7139,283.625833,36.898889,4.3,del2,del02 Lyr|12 Lyr,7178,284.735833,32.689444,3.24,gam,Sulafat|gam Lyr|14 Lyr
Men,1629,73.796667,-74.936944,5.47,eta,eta Men,1677,75.679167,-71.314444,5.31,bet,bet Men
Men,1629,73.796667,-74.936944,5.47,eta,eta Men,1953,82.970417,-76.341111,5.19,gam,HJ 3795A|gam Men
Men,1953,82.970417,-76.341111,5.19,gam,HJ 3795A|gam Men,2261,92.56,-74.753056,5.09,alf,alf Men
Mic,7943,312.121667,-43.988611,5.11,iot,iot Mic,7965,312.492083,-33.779722,4.9,alf,alf Mic
Mic,7943,312.121667,-43.988611,5.11,iot,iot Mic,8151,320.19,-40.809722,4.82,tet1,HDS 3039|tet01 Mic
Mic,7965,312.492083,-33.779722,4.9,alf,alf Mic,8039,315.322917,-32.257778,4.67,gam,gam Mic
Mic,8039,315.322917,-32.257778,4.67,gam,gam Mic,8135,319.484583,-32.1725,4.71,eps,eps Mic
Mic,8135,319.484583,-32.1725,4.71,eps,eps Mic,8151,320.19,-40.809722,4.82,tet1,HDS 3039|tet01 Mic
Mon,2227,93.71375,-6.274722,3.98,gam,gam Mon|5 Mon,2356,97.204167,-7.032778,4.6,bet1,STF 919A|bet01 Mon|11 Mon A|bet Mon A
Mon,2298,95.942083,4.592778,4.44,eps,eps Mon A|8 Mon A,2385,98.225833,7.333056,4.5,-,13 Mon
Mon,2298,95.942083,4.592778,4.44,eps,eps Mon A|8 Mon A,2506,101.965,2.412222,4.47,-,18 Mon
Mon,2356,97.204167,-7.032778,4.6,bet1,STF 919A|bet01 Mon|11 Mon A|bet Mon A,2714,107.96625,-0.492778,4.15,del,del Mon|22 Mon
Mon,2385,98.225833,7.333056,4.5,-,13 Mon,2456,100.244583,9.895556,4.66,-,STF 950AB|15 Mon|S Mon
Mon,2385,98.225833,7.333056,4.5,-,13 Mon,2506,101.965,2.412222,4.47,-,18 Mon
Mon,2506,101.965,2.412222,4.47,-,18 Mon,2714,107.96625,-0.492778,4.15,del,del Mon|22 Mon
Mon,2714,107.96625,-0.492778,4.15,del,del Mon|22 Mon,3188,122.148333,-2.983889,4.34,zet,zet Mon|29 Mon
Mon,2970,115.311667,-9.551111,3.93,alf,alf Mon|26 Mon,3188,122.148333,-2.983889,4.34,zet,zet Mon|29 Mon
Mus,4520,176.401667,-66.728611,3.64,lam,lam Mus,4671,184.392083,-67.960833,4.11,eps,eps Mus
Mus,4671,184.392083,-67.960833,4.11,eps,eps Mus,4798,189.295833,-69.135556,2.69,alf,DON 541A|RIZ 4|alf Mus
Mus,4773,188.116667,-72.133056,3.87,gam,gam Mus,4798,189.295833,-69.135556,2.69,alf,DON 541A|RIZ 4|alf Mus
Mus,4773,188.116667,-72.133056,3.87,gam,gam Mus,4923,195.5675,-71.548889,3.62,del,del Mus
Mus,4798,189.295833,-69.135556,2.69,alf,DON 541A|RIZ 4|alf Mus,4844,191.570417,-68.108056,3.05,bet,R 207|RU 207|bet Mus
Mus,4844,191.570417,-68.108056,3.05,bet,R 207|RU 207|bet Mus,4923,195.5675,-71.548889,3.62,del,del Mus
Nor,5962,240.80375,-49.229722,4.65,eta,eta Nor,5980,241.6225,-45.173333,4.72,del,del Nor
Nor,5962,240.80375,-49.229722,4.65,eta,eta Nor,6072,244.96,-50.155556,4.02,gam2,gam02 Nor
Nor,5980,241.6225,-45.173333,4.72,del,del Nor,6115,246.79625,-47.555,4.47,eps,eps Nor
Nor,6072,244.96,-50.155556,4.02,gam2,gam02 Nor,6115,246.79625,-47.555,4.47,eps,eps Nor
Oct,5339,216.72875,-83.667778,4.32,del,del Oct,8254,325.36875,-77.39,3.76,nu.,BLM 6|nu. Oct
Oct,5339,216.72875,-83.667778,4.32,del,del Oct,8630,341.51375,-81.381667,4.15,bet,bet Oct
Oct,8254,325.36875,-77.39,3.76,nu.,BLM 6|nu. Oct,8630,341.51375,-81.381667,4.15,bet,bet Oct
Oph,6056,243.58625,-3.694444,2.74,del,Yed Prior|1 Oph|del Oph,6075,244.580417,-4.6925,3.24,eps,Yed Posterior|eps Oph|2 Oph
Oph,6056,243.58625,-3.694444,2.74,del,Yed Prior|1 Oph|del Oph,6149,247.728333,1.983889,3.82,lam,Marfik|STF 2055AB|lam Oph|10 Oph
Oph,6075,244.580417,-4.6925,3.24,eps,Yed Posterior|eps Oph|2 Oph,6129,246.950417,-8.371667,4.63,ups,RST 3949|SHY 287A|ups Oph|3 Oph
Oph,6081,245.159167,-24.169444,4.55,omi,19 Sco|omi Sco,6104,246.025833,-20.0375,4.5,psi,psi Oph|4 Oph
Oph,6104,246.025833,-20.0375,4.5,psi,psi Oph|4 Oph,6118,246.755833,-18.456389,4.42,chi,chi Oph|7 Oph
Oph,6118,246.755833,-18.456389,4.42,chi,chi Oph|7 Oph,6147,247.784583,-16.612778,4.28,phi,phi Oph|8 Oph
Oph,6129,246.950417,-8.371667,4.63,ups,RST 3949|SHY 287A|ups Oph|3 Oph,6175,249.289583,-10.567222,2.56,zet,zet Oph|13 Oph
Oph,6147,247.784583,-16.612778,4.28,phi,phi Oph|8 Oph,6175,249.289583,-10.567222,2.56,zet,zet Oph|13 Oph
Oph,6149,247.728333,1.983889,3.82,lam,Marfik|STF 2055AB|lam Oph|10 Oph,6299,254.417083,9.375,3.2,kap,kap Oph|27 Oph
Oph,6175,249.289583,-10.567222,2.56,zet,zet Oph|13 Oph,6299,254.417083,9.375,3.2,kap,kap Oph|27 Oph
Oph,6175,249.289583,-10.567222,2.56,zet,zet Oph|13 Oph,6378,257.594583,-15.724722,2.43,eta,Sabik|BU 1118|BU 1118AB|eta Oph|35 Oph
Oph,6299,254.417083,9.375,3.2,kap,kap Oph|27 Oph,6556,263.73375,12.56,2.08,alf,Rasalhague|alf Oph|55 Oph|alf Oph A
Oph,6378,257.594583,-15.724722,2.43,eta,Sabik|BU 1118|BU 1118AB|eta Oph|35 Oph,6453,260.5025,-24.999444,3.27,tet,42 Oph|tet Oph
Oph,6378,257.594583,-15.724722,2.43,eta,Sabik|BU 1118|BU 1118AB|eta Oph|35 Oph,6561,264.396667,-15.398611,3.54,ksi,ISO 6|RST 5090A|55 Ser|ksi Ser
Oph,6378,257.594583,-15.724722,2.43,eta,Sabik|BU 1118|BU 1118AB|eta Oph|35 Oph,6603,265.868333,4.567222,2.77,bet,Cebalrai|bet Oph|60 Oph
Oph,6453,260.5025,-24.999444,3.27,tet,42 Oph|tet Oph,6492,261.83875,-29.866944,4.29,-,d Oph|45 Oph
Oph,6556,263.73375,12.56,2.08,alf,Rasalhague|alf Oph|55 Oph|alf Oph A,6603,265.868333,4.567222,2.77,bet,Cebalrai|bet Oph|60 Oph
Oph,6561,264.396667,-15.398611,3.54,ksi,ISO 6|RST 5090A|55 Ser|ksi Ser,6698,269.756667,-9.773611,3.34,nu.,64 Oph|nu. Oph
Oph,6603,265.868333,4.567222,2.77,bet,Cebalrai|bet Oph|60 Oph,6629,266.973333,2.707222,3.75,gam,gam Oph|62 Oph
Oph,6629,266.973333,2.707222,3.75,gam,gam Oph|62 Oph,6698,269.756667,-9.773611,3.34,nu.,64 Oph|nu. Oph
Oph,6698,269.756667,-9.773611,3.34,nu.,64 Oph|nu. Oph,6869,275.3275,-2.898889,3.26,eta,58 Ser|eta Ser
Oph,6869,275.3275,-2.898889,3.26,eta,58 Ser|eta Ser,7141,284.055,4.203611,4.62,tet1,Alya|tet01 Ser|63 Ser A
Ori,1543,72.46,6.961389,3.19,pi.3,Tabit|STT 560A|1 Ori|pi.03 Ori,1544,72.652917,8.900278,4.36,pi.2,2 Ori|pi.02 Ori
Ori,1543,72.46,6.961389,3.19,pi.3,Tabit|STT 560A|1 Ori|pi.03 Ori,1552,72.801667,5.605,3.69,pi.4,pi.04 Ori|3 Ori
Ori,1543,72.46,6.961389,3.19,pi.3,Tabit|STT 560A|1 Ori|pi.03 Ori,1790,81.282917,6.349722,1.64,gam,Bellatrix|gam Ori|24 Ori
Ori,1544,72.652917,8.900278,4.36,pi.2,2 Ori|pi.02 Ori,1570,73.724167,10.150833,4.65,pi.1,ENG 19A|BUP 72A|7 Ori|pi.01 Ori
Ori,1552,72.801667,5.605,3.69,pi.4,pi.04 Ori|3 Ori,1567,73.562917,2.440556,3.72,pi.5,pi.05 Ori|8 Ori
Ori,1567,73.562917,2.440556,3.72,pi.5,pi.05 Ori|8 Ori,1601,74.637083,1.714167,4.47,pi.6,10 Ori|pi.06 Ori
Ori,1570,73.724167,10.150833,4.65,pi.1,ENG 19A|BUP 72A|7 Ori|pi.01 Ori,1580,74.092917,13.514444,4.07,omi2,9 Ori|omi02 Ori
Ori,1580,74.092917,13.514444,4.07,omi2,9 Ori|omi02 Ori,1638,76.142083,15.404167,4.68,-,11 Ori
Ori,1638,76.142083,15.404167,4.68,-,11 Ori,1676,77.425,15.597222,4.82,-,STT 99AB|15 Ori
Ori,1713,78.634583,-8.201667,0.12,bet,Rigel|bet Ori|19 Ori|bet Ori A,1788,81.119167,-2.396944,3.36,eta,DA 5|28 Ori|eta Ori
Ori,1788,81.119167,-2.396944,3.36,eta,DA 5|28 Ori|eta Ori,1852,83.001667,-0.299167,2.23,del,Mintaka|HEI 42|STF 4014A|del Ori|34 Ori
Ori,1790,81.282917,6.349722,1.64,gam,Bellatrix|gam Ori|24 Ori,1852,83.001667,-0.299167,2.23,del,Mintaka|HEI 42|STF 4014A|del Ori|34 Ori
Ori,1790,81.282917,6.349722,1.64,gam,Bellatrix|gam Ori|24 Ori,1879,83.784583,9.934167,3.54,lam1,Meissa|lambda Ori X-3|STF 738A|lam01 Ori|39 Ori A|lam Ori A
Ori,1852,83.001667,-0.299167,2.23,del,Mintaka|HEI 42|STF 4014A|del Ori|34 Ori,1903,84.053333,-1.201944,1.7,eps,Alnilam|eps Ori|46 Ori
Ori,1879,83.784583,9.934167,3.54,lam1,Meissa|lambda Ori X-3|STF 738A|lam01 Ori|39 Ori A|lam Ori A,2061,88.792917,7.406944,0.5,alf,Betelgeuse|H 639A|KAR 1|58 Ori|alf Ori
Ori,1903,84.053333,-1.201944,1.7,eps,Alnilam|eps Ori|46 Ori,1948,85.189583,-1.942778,2.05,zet,Alnitak|STF 774A|NOI 1|50 Ori A|zet Ori A
Ori,1948,85.189583,-1.942778,2.05,zet,Alnitak|STF 774A|NOI 1|50 Ori A|zet Ori A,2004,86.939167,-9.669722,2.06,kap,Saiph|53 Ori|kap Ori
Ori,1948,85.189583,-1.942778,2.05,zet,Alnitak|STF 774A|NOI 1|50 Ori A|zet Ori A,2061,88.792917,7.406944,0.5,alf,Betelgeuse|H 639A|KAR 1|58 Ori|alf Ori
Ori,2047,88.595417,20.276111,4.41,chi1,KNG 1|chi01 Ori|54 Ori,2135,90.98,20.138333,4.63,chi2,62 Ori|chi02 Ori
Ori,2047,88.595417,20.276111,4.41,chi1,KNG 1|chi01 Ori|54 Ori,2159,91.892917,14.768333,4.42,nu.,67 Ori|nu. Ori
Ori,2061,88.792917,7.406944,0.5,alf,Betelgeuse|H 639A|KAR 1|58 Ori|alf Ori,2124,90.595833,9.6475,4.12,mu.,A 2715|mu. Ori|61 Ori
Ori,2124,90.595833,9.6475,4.12,mu.,A 2715|mu. Ori|61 Ori,2199,92.985,14.208889,4.48,ksi,ksi Ori|70 Ori
Ori,2135,90.98,20.138333,4.63,chi2,62 Ori|chi02 Ori,2199,92.985,14.208889,4.48,ksi,ksi Ori|70 Ori
Ori,2159,91.892917,14.768333,4.42,nu.,67 Ori|nu. Ori,2199,92.985,14.208889,4.48,ksi,ksi Ori|70 Ori
Pav,6582,266.433333,-64.723889,3.62,eta,eta Pav,6745,272.145,-63.668333,4.35,pi.,pi. Pav
Pav,6745,272.145,-63.668333,4.35,pi.,pi. Pav,6855,275.806667,-61.493889,4.36,ksi,GLE 2AB|ksi Pav
Pav,6745,272.145,-63.668333,4.35,pi.,pi. Pav,7107,284.2375,-67.233611,4.44,kap,kap Pav
Pav,6855,275.806667,-61.493889,4.36,ksi,GLE 2AB|ksi Pav,7074,283.054167,-62.1875,4.22,lam,lam Pav
Pav,6982,280.75875,-71.428056,4.01,zet,zet Pav,7665,302.181667,-66.181944,3.56,del,del Pav
Pav,7074,283.054167,-62.1875,4.22,lam,lam Pav,7665,302.181667,-66.181944,3.56,del,del Pav
Pav,7107,284.2375,-67.233611,4.44,kap,kap Pav,7665,302.181667,-66.181944,3.56,del,del Pav
Pav,7590,300.147917,-72.910556,3.96,eps,eps Pav,7665,302.181667,-66.181944,3.56,del,del Pav
Pav,7665,302.181667,-66.181944,3.56,del,del Pav,7790,306.412083,-56.735,1.94,alf,Peacock|alf Pav
Pav,7665,302.181667,-66.181944,3.56,del,del Pav,7913,311.239583,-66.203056,3.42,bet,bet Pav
Pav,7790,306.412083,-56.735,1.94,alf,Peacock|alf Pav,8181,321.610833,-65.366111,4.22,gam,gam Pav
Pav,7913,311.239583,-66.203056,3.42,bet,bet Pav,8181,321.610833,-65.366111,4.22,gam,gam Pav
Peg,15,2.097083,29.090556,2.06,alf,Sirrah|Alpheratz|MKT 11|H 532A|JNN 1A|alf And|del Peg|21 And,39,3.309167,15.183611,2.83,gam,Algenib|88 Peg|gam Peg
Peg,15,2.097083,29.090556,2.06,alf,Sirrah|Alpheratz|MKT 11|H 532A|JNN 1A|alf And|del Peg|21 And,8775,345.94375,28.082778,2.42,bet,Scheat|bet Peg|53 Peg
Peg,39,3.309167,15.183611,2.83,gam,Algenib|88 Peg|gam Peg,8781,346.190417,15.205278,2.49,alf,Markab|alf Peg|54 Peg
Peg,8308,326.046667,9.875,2.39,eps,Enif|eps Peg|8 Peg,8450,332.55,6.197778,3.53,tet,Biham|26 Peg|tet Peg
Peg,8315,326.16125,25.645,4.13,kap,BU 989|STF 2824AB|10 Peg|kap Peg,8430,331.752917,25.345,3.76,iot,STT 596A|iot Peg|iot Peg A|24 Peg|iot Peg B
Peg,8430,331.752917,25.345,3.76,iot,STT 596A|iot Peg|iot Peg A|24 Peg|iot Peg B,8667,341.632917,23.565556,3.95,lam,lam Peg|47 Peg
Peg,8450,332.55,6.197778,3.53,tet,Biham|26 Peg|tet Peg,8634,340.365417,10.831389,3.4,zet,Homam|zet Peg|42 Peg
Peg,8454,332.496667,33.178333,4.29,pi.,29 Peg|pi. Peg|pi.02 Peg,8650,340.750417,30.221389,2.94,eta,Matar|BLA 11|BU 1144A|FYM 145A|eta Peg|44 Peg
Peg,8634,340.365417,10.831389,3.4,zet,Homam|zet Peg|42 Peg,8781,346.190417,15.205278,2.49,alf,Markab|alf Peg|54 Peg
Peg,8650,340.750417,30.221389,2.94,eta,Matar|BLA 11|BU 1144A|FYM 145A|eta Peg|44 Peg,8775,345.94375,28.082778,2.42,bet,Scheat|bet Peg|53 Peg
Peg,8667,341.632917,23.565556,3.95,lam,lam Peg|47 Peg,8684,342.500833,24.601667,3.48,mu.,Sadalbari|48 Peg|mu. Peg
Peg,8684,342.500833,24.601667,3.48,mu.,Sadalbari|48 Peg|mu. Peg,8775,345.94375,28.082778,2.42,bet,Scheat|bet Peg|53 Peg
Peg,8775,345.94375,28.082778,2.42,bet,Scheat|bet Peg|53 Peg,8781,346.190417,15.205278,2.49,alf,Markab|alf Peg|54 Peg
Per,496,25.915,50.688611,4.07,-,-,799,41.05,49.228333,4.12,tet,STF 296A|tet Per|13 Per
Per,799,41.05,49.228333,4.12,tet,STF 296A|tet Per|13 Per,937,47.266667,49.613333,4.05,iot,iot Per
Per,834,42.674167,55.895556,3.76,eta,Miram|STF 307A|eta Per|15 Per,854,43.564583,52.7625,3.95,tau,LAB 1|18 Per|tau Per|tau Per B|tau Per A
Per,834,42.674167,55.895556,3.76,eta,Miram|STF 307A|eta Per|15 Per,915,46.199167,53.506389,2.93,gam,HJ 2170A|WRH 29Aa|WRH 29Aa|gam Per|23 Per
Per,854,43.564583,52.7625,3.95,tau,LAB 1|18 Per|tau Per|tau Per B|tau Per A,915,46.199167,53.506389,2.93,gam,HJ 2170A|WRH 29Aa|WRH 29Aa|gam Per|23 Per
Per,854,43.564583,52.7625,3.95,tau,LAB 1|18 Per|tau Per|tau Per B|tau Per A,937,47.266667,49.613333,4.05,iot,iot Per
Per,915,46.199167,53.506389,2.93,gam,HJ 2170A|WRH 29Aa|WRH 29Aa|gam Per|23 Per,1017,51.080833,49.861111,1.79,alf,Mirfak|33 Per|alf Per
Per,921,46.294167,38.840278,3.39,rho,Gorgonea Tertia|rho Per|25 Per,936,47.042083,40.955556,2.12,bet,Algol C|Algol B|Algol A|Algol|LAB 2|BU 526A|bet Per|26 Per|bet Per B|bet Per C|bet Per A
Per,936,47.042083,40.955556,2.12,bet,Algol C|Algol B|Algol A|Algol|LAB 2|BU 526A|bet Per|26 Per|bet Per B|bet Per C|bet Per A,941,47.374167,44.857222,3.8,kap,Misam|ES 2596A|kap Per|27 Per
Per,936,47.042083,40.955556,2.12,bet,Algol C|Algol B|Algol A|Algol|LAB 2|BU 526A|bet Per|26 Per|bet Per B|bet Per C|bet Per A,1220,59.463333,40.010278,2.89,eps,45 Per|eps Per
Per,937,47.266667,49.613333,4.05,iot,iot Per,941,47.374167,44.857222,3.8,kap,Misam|ES 2596A|kap Per|27 Per
Per,937,47.266667,49.613333,4.05,iot,iot Per,1017,51.080833,49.861111,1.79,alf,Mirfak|33 Per|alf Per
Per,1017,51.080833,49.861111,1.79,alf,Mirfak|33 Per|alf Per,1122,55.73125,47.7875,3.01,del,del Per|39 Per
Per,1122,55.73125,47.7875,3.01,del,del Per|39 Per,1220,59.463333,40.010278,2.89,eps,45 Per|eps Per
Per,1122,55.73125,47.7875,3.01,del,del Per|39 Per,1273,62.165417,47.7125,4.04,-,c Per|48 Per
Per,1131,56.079583,32.288333,3.83,omi,Atik|BU 535|38 Per|omi Per,1203,58.532917,31.883611,2.85,zet,zet Per|44 Per
Per,1203,58.532917,31.883611,2.85,zet,zet Per|44 Per,1228,59.74125,35.791111,4.04,ksi,Menkhib|Menkib|ksi Per|46 Per
Per,1220,59.463333,40.010278,2.89,eps,45 Per|eps Per,1228,59.74125,35.791111,4.04,ksi,Menkhib|Menkib|ksi Per|46 Per
Per,1261,61.645833,50.351389,4.29,lam,lam Per|47 Per,1324,64.560833,50.295556,4.61,-,b Per
Per,1273,62.165417,47.7125,4.04,-,c Per|48 Per,1303,63.724583,48.409444,4.14,mu.,mu. Per|51 Per
Per,1303,63.724583,48.409444,4.14,mu.,mu. Per|51 Per,1324,64.560833,50.295556,4.61,-,b Per
Phe,25,2.352917,-45.7475,3.88,eps,eps Phe,99,6.570833,-42.306111,2.39,alf,Ankaa|alf Phe
Phe,25,2.352917,-45.7475,3.88,eps,eps Phe,322,16.520833,-46.718611,3.31,bet,SLR 1|HJ 3417AB|bet Phe
Phe,99,6.570833,-42.306111,2.39,alf,Ankaa|alf Phe,322,16.520833,-46.718611,3.31,bet,SLR 1|HJ 3417AB|bet Phe
Phe,322,16.520833,-46.718611,3.31,bet,SLR 1|HJ 3417AB|bet Phe,338,17.09625,-55.245833,3.92,zet,Wurren|RMK 2AB|RST 1205|zet Phe
Phe,322,16.520833,-46.718611,3.31,bet,SLR 1|HJ 3417AB|bet Phe,429,22.09125,-43.318333,3.41,gam,gam Phe
Phe,338,17.09625,-55.245833,3.92,zet,Wurren|RMK 2AB|RST 1205|zet Phe,440,22.812917,-49.072778,3.95,del,del Phe
Phe,429,22.09125,-43.318333,3.41,gam,gam Phe,440,22.812917,-49.072778,3.95,del,del Phe
Pic,2020,86.82125,-51.066389,3.85,bet,bet Pic,2042,87.457083,-56.166667,4.51,gam,gam Pic
Pic,2042,87.457083,-56.166667,4.51,gam,gam Pic,2550,102.0475,-61.941389,3.27,alf,alf Pic
PsA,8305,326.236667,-33.025833,4.34,iot,iot PsA|9 PsA,8326,326.934167,-30.898333,5.01,tet,FIN 330|tet PsA|10 PsA
PsA,8305,326.236667,-33.025833,4.34,iot,iot PsA|9 PsA,8431,332.095833,-32.988611,4.5,mu.,14 PsA|mu. PsA
PsA,8326,326.934167,-30.898333,5.01,tet,FIN 330|tet PsA|10 PsA,8431,332.095833,-32.988611,4.5,mu.,14 PsA|mu. PsA
PsA,8431,332.095833,-32.988611,4.5,mu.,14 PsA|mu. PsA,8576,337.87625,-32.346111,4.29,bet,EHR 18|PZ 7A|bet PsA|17 PsA
PsA,8431,332.095833,-32.988611,4.5,mu.,14 PsA|mu. PsA,8628,340.164167,-27.043611,4.17,eps,eps PsA|18 PsA
PsA,8576,337.87625,-32.346111,4.29,bet,EHR 18|PZ 7A|bet PsA|17 PsA,8695,343.131667,-32.875556,4.46,gam,HJ 5367|gam PsA|22 PsA
PsA,8628,340.164167,-27.043611,4.17,eps,eps PsA|18 PsA,8728,344.412917,-29.622222,1.16,alf,Fomalhaut|SHY 106A|MAM 1A|alf PsA|24 PsA
PsA,8695,343.131667,-32.875556,4.46,gam,HJ 5367|gam PsA|22 PsA,8720,343.987083,-32.539722,4.21,del,del PsA|23 PsA
PsA,8720,343.987083,-32.539722,4.21,del,del PsA|23 PsA,8728,344.412917,-29.622222,1.16,alf,Fomalhaut|SHY 106A|MAM 1A|alf PsA|24 PsA
Psc,224,12.170833,7.585,4.43,del,del Psc|63 Psc,294,15.735833,7.89,4.28,eps,OCC 480|eps Psc|71 Psc
Psc,224,12.170833,7.585,4.43,del,del Psc|63 Psc,9072,359.827917,6.863333,4.01,ome,28 Psc|ome Psc
Psc,294,15.735833,7.89,4.28,eps,OCC 480|eps Psc|71 Psc,489,25.357917,5.4875,4.44,nu.,106 Psc|nu. Psc
Psc,352,17.915,30.089722,4.51,tau,tau Psc|83 Psc,360,18.437083,24.583611,4.65,phi,phi Psc|85 Psc
Psc,352,17.915,30.089722,4.51,tau,tau Psc|83 Psc,383,19.866667,27.264167,4.76,ups,ups Psc|90 Psc
Psc,360,18.437083,24.583611,4.65,phi,phi Psc|85 Psc,383,19.866667,27.264167,4.76,ups,ups Psc|90 Psc
Psc,360,18.437083,24.583611,4.65,phi,phi Psc|85 Psc,437,22.870833,15.345833,3.62,eta,Alpherg|BU 506|eta Psc|99 Psc
Psc,437,22.870833,15.345833,3.62,eta,Alpherg|BU 506|eta Psc|99 Psc,510,26.348333,9.157778,4.26,omi,Torcular|110 Psc|omi Psc
Psc,489,25.357917,5.4875,4.44,nu.,106 Psc|nu. Psc,596,30.511667,2.763611,4.33,alf,Alrescha|113 Psc A|alf Psc A
Psc,510,26.348333,9.157778,4.26,omi,Torcular|110 Psc|omi Psc,596,30.511667,2.763611,4.33,alf,Alrescha|113 Psc A|alf Psc A
Psc,8852,349.29125,3.282222,3.69,gam,gam Psc|6 Psc,8911,351.733333,1.255556,4.94,kap,kap Psc|8 Psc
Psc,8852,349.29125,3.282222,3.69,gam,gam Psc|6 Psc,8916,351.992083,6.378889,4.28,tet,tet Psc|10 Psc
Psc,8911,351.733333,1.255556,4.94,kap,kap Psc|8 Psc,8984,355.511667,1.78,4.5,lam,lam Psc|18 Psc
Psc,8916,351.992083,6.378889,4.28,tet,tet Psc|10 Psc,8969,354.9875,5.626389,4.13,iot,17 Psc|iot Psc
Psc,8969,354.9875,5.626389,4.13,iot,17 Psc|iot Psc,8984,355.511667,1.78,4.5,lam,lam Psc|18 Psc
Psc,8969,354.9875,5.626389,4.13,iot,17 Psc|iot Psc,9072,359.827917,6.863333,4.01,ome,28 Psc|ome Psc
Pup,2326,95.987917,-52.695833,-0.72,alf,Canopus|alf Car,2451,99.440417,-43.196111,3.17,nu.,Kaimana|nu. Pup
Pup,2451,99.440417,-43.196111,3.17,nu.,Kaimana|nu. Pup,2773,109.285833,-37.0975,2.7,pi.,Ahadi|HDS 1008|DUN 43A|pi. Pup
Pup,2773,109.285833,-37.0975,2.7,pi.,Ahadi|HDS 1008|DUN 43A|pi. Pup,2922,113.845,-28.369444,4.64,-,HJ 3982A|SHY 512A|p Pup
Pup,2922,113.845,-28.369444,4.64,-,HJ 3982A|SHY 512A|p Pup,2948,114.705417,-26.801667,4.5,-,H 327B|k01 Pup
Pup,2922,113.845,-28.369444,4.64,-,HJ 3982A|SHY 512A|p Pup,2996,115.952083,-28.954722,3.96,-,l Pup|3 Pup
Pup,2948,114.705417,-26.801667,4.5,-,H 327B|k01 Pup,3045,117.32375,-24.859722,3.34,ksi,Asmidiske|Azmidiske|BU 1063AB|ksi Pup|7 Pup
Pup,2996,115.952083,-28.954722,3.96,-,l Pup|3 Pup,3034,117.021667,-25.937222,4.5,omi,SEE 86A|omi Pup
Pup,3034,117.021667,-25.937222,4.5,omi,SEE 86A|omi Pup,3045,117.32375,-24.859722,3.34,ksi,Asmidiske|Azmidiske|BU 1063AB|ksi Pup|7 Pup
Pup,3045,117.32375,-24.859722,3.34,ksi,Asmidiske|Azmidiske|BU 1063AB|ksi Pup|7 Pup,3185,121.885833,-24.304167,2.81,rho,Tureis|RST 5284A|rho Pup|15 Pup
Pup,3165,120.89625,-40.003333,2.25,zet,Naos|zet Pup,3185,121.885833,-24.304167,2.81,rho,Tureis|RST 5284A|rho Pup|15 Pup
Pup,3165,120.89625,-40.003333,2.25,zet,Naos|zet Pup,3438,130.025833,-35.308333,3.97,bet,bet Pyx
Pyx,3438,130.025833,-35.308333,3.97,bet,bet Pyx,3468,130.897917,-33.186389,3.68,alf,alf Pyx
Pyx,3468,130.897917,-33.186389,3.68,alf,alf Pyx,3518,132.632917,-27.71,4.01,gam,gam Pyx
Ret,1175,56.05,-64.806944,3.85,bet,LDS 104A|TOK 191|bet Ret,1247,59.68625,-61.400278,4.56,del,del Ret
Ret,1175,56.05,-64.806944,3.85,bet,LDS 104A|TOK 191|bet Ret,1336,63.60625,-62.473889,3.35,alf,alf Ret
Ret,1247,59.68625,-61.400278,4.56,del,del Ret,1355,64.120417,-59.301944,4.44,eps,JSP 56A|eps Ret
Ret,1336,63.60625,-62.473889,3.35,alf,alf Ret,1355,64.120417,-59.301944,4.44,eps,JSP 56A|eps Ret
Scl,280,14.651667,-29.3575,4.31,alf,alf Scl,9016,357.231667,-28.130278,4.57,del,BU 1013|del Scl
Scl,8863,349.705833,-32.531944,4.41,gam,gam Scl,8937,353.242917,-37.818333,4.37,bet,bet Scl
Scl,8863,349.705833,-32.531944,4.41,gam,gam Scl,9016,357.231667,-28.130278,4.57,del,BU 1013|del Scl
Sco,5928,239.22125,-29.214167,3.88,rho,Iklil|rho Sco|5 Sco,5944,239.712917,-26.114167,2.89,pi.,Fang|SHT 60|BU 622A|pi. Sco|6 Sco
Sco,5944,239.712917,-26.114167,2.89,pi.,Fang|SHT 60|BU 622A|pi. Sco|6 Sco,5953,240.083333,-22.621667,2.32,del,Dschubba|LAB 3|7 Sco|del Sco
Sco,5953,240.083333,-22.621667,2.32,del,Dschubba|LAB 3|7 Sco|del Sco,5984,241.359167,-19.805556,2.62,bet1,Acrab|BU 947|bet01 Sco|8 Sco A|bet Sco A
Sco,5953,240.083333,-22.621667,2.32,del,Dschubba|LAB 3|7 Sco|del Sco,6084,245.297083,-25.592778,2.89,sig,Alniyat|BLM 4|H 121A|20 Sco|sig Sco
Sco,5984,241.359167,-19.805556,2.62,bet1,Acrab|BU 947|bet01 Sco|8 Sco A|bet Sco A,6027,242.99875,-19.460556,4.01,nu.,Jabbah|BU 120AB|BU 120|H 56AB|nu. Sco|14 Sco
Sco,6084,245.297083,-25.592778,2.89,sig,Alniyat|BLM 4|H 121A|20 Sco|sig Sco,6134,247.351667,-26.431944,0.96,alf,Antares|GNT 1AB|alf Sco|21 Sco
Sco,6134,247.351667,-26.431944,0.96,alf,Antares|GNT 1AB|alf Sco|21 Sco,6165,248.970833,-28.216111,2.82,tau,tau Sco|23 Sco
Sco,6165,248.970833,-28.216111,2.82,tau,tau Sco|23 Sco,6241,252.540833,-34.293333,2.29,eps,Larawag|eps Sco|26 Sco
Sco,6241,252.540833,-34.293333,2.29,eps,Larawag|eps Sco|26 Sco,6247,252.9675,-38.0475,3.08,mu.1,Xamidimura|mu.01 Sco
Sco,6247,252.9675,-38.0475,3.08,mu.1,Xamidimura|mu.01 Sco,6271,253.645833,-42.361389,3.62,zet2,zet02 Sco
Sco,6271,253.645833,-42.361389,3.62,zet2,zet02 Sco,6380,258.038333,-43.239167,3.33,eta,eta Sco
Sco,6380,258.038333,-43.239167,3.33,eta,eta Sco,6553,264.33,-42.997778,1.87,tet,Sargas|SEE 510|tet Sco
Sco,6508,262.690833,-37.295833,2.69,ups,Lesath|ups Sco|34 Sco,6527,263.402083,-37.103889,1.63,lam,Shaula|TNG 1|SEE 334A|DUN 218A|35 Sco|lam Sco
Sco,6508,262.690833,-37.295833,2.69,ups,Lesath|ups Sco|34 Sco,6580,265.622083,-39.03,2.41,kap,kap Sco
Sco,6527,263.402083,-37.103889,1.63,lam,Shaula|TNG 1|SEE 334A|DUN 218A|35 Sco|lam Sco,6630,267.464583,-37.043333,3.21,-,Fuyue|G Sco
Sco,6553,264.33,-42.997778,1.87,tet,Sargas|SEE 510|tet Sco,6615,266.89625,-40.126944,3.03,iot1,iot01 Sco|iot Sco A
Sco,6580,265.622083,-39.03,2.41,kap,kap Sco,6615,266.89625,-40.126944,3.03,iot1,iot01 Sco|iot Sco A
Sct,6930,277.299583,-14.565833,4.7,gam,gam Sct,6973,278.801667,-8.244167,3.85,alf,alf Sct
Sct,6930,277.299583,-14.565833,4.7,gam,gam Sct,7020,280.568333,-9.0525,4.72,del,2 Sct|del Sct
Sct,6973,278.801667,-8.244167,3.85,alf,alf Sct,7063,281.79375,-4.747778,4.22,bet,bet Sct
Sct,7020,280.568333,-9.0525,4.72,del,2 Sct|del Sct,7063,281.79375,-4.747778,4.22,bet,bet Sct
Ser,5802,234.123333,10.01,5.26,-,16 Ser,5854,236.067083,6.425556,2.65,alf,Unukalhai|alf Ser|24 Ser
Ser,5802,234.123333,10.01,5.26,-,16 Ser,5867,236.547083,15.421944,3.67,bet,Chow|STF 1970A|bet Ser|28 Ser
Ser,5842,235.387917,19.670278,4.52,iot,HU 580|HU 580AB|iot Ser|21 Ser,5867,236.547083,15.421944,3.67,bet,Chow|STF 1970A|bet Ser|28 Ser
Ser,5842,235.387917,19.670278,4.52,iot,HU 580|HU 580AB|iot Ser|21 Ser,5879,237.185,18.141667,4.09,kap,35 Ser|kap Ser
Ser,5854,236.067083,6.425556,2.65,alf,Unukalhai|alf Ser|24 Ser,5892,237.704167,4.477778,3.71,eps,eps Ser|37 Ser
Ser,5867,236.547083,15.421944,3.67,bet,Chow|STF 1970A|bet Ser|28 Ser,5933,239.113333,15.661667,3.85,gam,41 Ser|gam Ser
Ser,5879,237.185,18.141667,4.09,kap,35 Ser|kap Ser,5933,239.113333,15.661667,3.85,gam,41 Ser|gam Ser
Ser,5881,237.405,-3.430278,3.53,mu.,CHR 259|32 Ser|mu. Ser,5892,237.704167,4.477778,3.71,eps,eps Ser|37 Ser
Ser,5881,237.405,-3.430278,3.53,mu.,CHR 259|32 Ser|mu. Ser,6016,242.460417,-3.466944,5.37,-,-
Sex,3909,148.126667,-8.105,5.05,gam,AC 5AB|gam Sex|8 Sex,3981,151.984583,-0.371667,4.49,alf,alf Sex|15 Sex
Sex,3981,151.984583,-0.371667,4.49,alf,alf Sex|15 Sex,4119,157.572917,-0.636944,5.09,bet,bet Sex|30 Sex
Sex,4116,157.369583,-2.739167,5.21,del,del Sex|29 Sex,4119,157.572917,-0.636944,5.09,bet,bet Sex|30 Sex
Sge,7479,295.024167,18.013889,4.37,alf,Sham|J 121A|alf Sge|5 Sge,7536,296.847083,18.534167,3.82,del,BLA 6|del Sge|7 Sge
Sge,7488,295.262083,17.476111,4.37,bet,bet Sge|6 Sge,7536,296.847083,18.534167,3.82,del,BLA 6|del Sge|7 Sge
Sge,7536,296.847083,18.534167,3.82,del,BLA 6|del Sge|7 Sge,7635,299.689167,19.492222,3.47,gam,gam Sge|12 Sge
Sgr,6746,271.452083,-30.424167,2.99,gam2,Alnasl|gam02 Sgr|10 Sgr|gam Sgr,6859,275.24875,-29.828056,2.7,del,Kaus Media|SEE 350A|del Sgr|19 Sgr
Sgr,6746,271.452083,-30.424167,2.99,gam2,Alnasl|gam02 Sgr|10 Sgr|gam Sgr,6879,276.042917,-34.384722,1.85,eps,Kaus Australis|GOL 2|SEE 351A|eps Sgr|20 Sgr
Sgr,6812,273.440833,-21.058889,3.86,mu.,Polis|mu. Sgr|13 Sgr,6913,276.9925,-25.421667,2.81,lam,Kaus Borealis|WFC 208A|lam Sgr|22 Sgr
Sgr,6832,274.406667,-36.761667,3.11,eta,BU 760AB|eta Sgr,6879,276.042917,-34.384722,1.85,eps,Kaus Australis|GOL 2|SEE 351A|eps Sgr|20 Sgr
Sgr,6859,275.24875,-29.828056,2.7,del,Kaus Media|SEE 350A|del Sgr|19 Sgr,6879,276.042917,-34.384722,1.85,eps,Kaus Australis|GOL 2|SEE 351A|eps Sgr|20 Sgr
Sgr,6859,275.24875,-29.828056,2.7,del,Kaus Media|SEE 350A|del Sgr|19 Sgr,6913,276.9925,-25.421667,2.81,lam,Kaus Borealis|WFC 208A|lam Sgr|22 Sgr
Sgr,6859,275.24875,-29.828056,2.7,del,Kaus Media|SEE 350A|del Sgr|19 Sgr,7039,281.414167,-26.990833,3.17,phi,phi Sgr|27 Sgr
Sgr,6879,276.042917,-34.384722,1.85,eps,Kaus Australis|GOL 2|SEE 351A|eps Sgr|20 Sgr,7194,285.652917,-29.880278,2.6,zet,Ascella|HDO 150|H 578AB|38 Sgr|zet Sgr
Sgr,6913,276.9925,-25.421667,2.81,lam,Kaus Borealis|WFC 208A|lam Sgr|22 Sgr,7039,281.414167,-26.990833,3.17,phi,phi Sgr|27 Sgr
Sgr,7039,281.414167,-26.990833,3.17,phi,phi Sgr|27 Sgr,7121,283.81625,-26.296667,2.02,sig,Nunki|sig Sgr|34 Sgr
Sgr,7039,281.414167,-26.990833,3.17,phi,phi Sgr|27 Sgr,7194,285.652917,-29.880278,2.6,zet,Ascella|HDO 150|H 578AB|38 Sgr|zet Sgr
Sgr,7121,283.81625,-26.296667,2.02,sig,Nunki|sig Sgr|34 Sgr,7234,286.735,-27.670556,3.32,tau,tau Sgr|40 Sgr
Sgr,7150,284.4325,-21.106667,3.51,ksi2,37 Sgr|ksi02 Sgr,7217,286.170833,-21.741667,3.77,omi,omi Sgr|39 Sgr
Sgr,7150,284.4325,-21.106667,3.51,ksi2,37 Sgr|ksi02 Sgr,7264,287.440833,-21.023611,2.89,pi.,Albaldah|FIN 311|pi. Sgr|41 Sgr
Sgr,7194,285.652917,-29.880278,2.6,zet,Ascella|HDO 150|H 578AB|38 Sgr|zet Sgr,7234,286.735,-27.670556,3.32,tau,tau Sgr|40 Sgr
Sgr,7217,286.170833,-21.741667,3.77,omi,omi Sgr|39 Sgr,7264,287.440833,-21.023611,2.89,pi.,Albaldah|FIN 311|pi. Sgr|41 Sgr
Sgr,7264,287.440833,-21.023611,2.89,pi.,Albaldah|FIN 311|pi. Sgr|41 Sgr,7340,290.418333,-17.847222,3.93,rho1,rho01 Sgr|44 Sgr
Tau,1030,51.203333,9.028889,3.6,omi,omi Tau|1 Tau,1038,51.7925,9.732778,3.74,ksi,HDS 433|2 Tau|ksi Tau
Tau,1030,51.203333,9.028889,3.6,omi,omi Tau|1 Tau,1101,54.218333,0.401667,4.28,-,10 Tau
Tau,1038,51.7925,9.732778,3.74,ksi,HDS 433|2 Tau|ksi Tau,1239,60.17,12.490278,3.47,lam,lam Tau|35 Tau
Tau,1038,51.7925,9.732778,3.74,ksi,HDS 433|2 Tau|ksi Tau,1251,60.789167,5.989167,3.91,nu.,DRS 36A|38 Tau|nu. Tau
Tau,1239,60.17,12.490278,3.47,lam,lam Tau|35 Tau,1346,64.948333,15.6275,3.65,gam,Prima Hyadum|BLM 1|54 Tau|gam Tau
Tau,1346,64.948333,15.6275,3.65,gam,Prima Hyadum|BLM 1|54 Tau|gam Tau,1373,65.73375,17.5425,3.76,del,Secunda Hyadum|CHR 262|del Tau|del01 Tau|61 Tau
Tau,1346,64.948333,15.6275,3.65,gam,Prima Hyadum|BLM 1|54 Tau|gam Tau,1457,68.98,16.509167,0.85,alf,Aldebaran|BU 550A|BU 1031A|STF 4002A|alf Tau|87 Tau
Tau,1373,65.73375,17.5425,3.76,del,Secunda Hyadum|CHR 262|del Tau|del01 Tau|61 Tau,1409,67.154167,19.180278,3.53,eps,Ain|BUP 61A|WSI 53|eps Tau|74 Tau
Tau,1409,67.154167,19.180278,3.53,eps,Ain|BUP 61A|WSI 53|eps Tau|74 Tau,1791,81.572917,28.6075,1.65,gam,Elnath|bet Tau|gam Aur|112 Tau
Tau,1457,68.98,16.509167,0.85,alf,Aldebaran|BU 550A|BU 1031A|STF 4002A|alf Tau|87 Tau,1910,84.41125,21.1425,3,zet,Tianguan|zet Tau|123 Tau
Tel,6783,272.8075,-45.954444,4.53,eps,eps Tel,6897,276.743333,-45.968333,3.51,alf,alf Tel
Tel,6897,276.743333,-45.968333,3.51,alf,alf Tel,6905,277.207917,-49.070833,4.13,zet,zet Tel
TrA,5671,229.7275,-68.679444,2.89,gam,gam TrA,5771,234.18,-66.316944,4.11,eps,eps TrA
TrA,5671,229.7275,-68.679444,2.89,gam,gam TrA,6217,252.16625,-69.027778,1.92,alf,Atria|WFC 179A|alf TrA
TrA,5771,234.18,-66.316944,4.11,eps,eps TrA,5897,238.785417,-63.430556,2.85,bet,LDS 542A|bet TrA
TrA,5897,238.785417,-63.430556,2.85,bet,LDS 542A|bet TrA,6217,252.16625,-69.027778,1.92,alf,Atria|WFC 179A|alf TrA
Tri,544,28.270417,29.578889,3.41,alf,Mothallah|2 Tri|alf Tri,622,32.385833,34.987222,3,bet,4 Tri|bet Tri
Tri,544,28.270417,29.578889,3.41,alf,Mothallah|2 Tri|alf Tri,664,34.32875,33.847222,4.01,gam,gam Tri|9 Tri
Tri,622,32.385833,34.987222,3,bet,4 Tri|bet Tri,664,34.32875,33.847222,4.01,gam,gam Tri|9 Tri
Tuc,77,5.017917,-64.874722,4.23,zet,zet Tuc,126,7.88625,-62.958056,4.37,bet1,B 7|LCL 119AB|SHY 114AB|bet01 Tuc
Tuc,77,5.017917,-64.874722,4.23,zet,zet Tuc,9076,359.979167,-65.577222,4.5,eps,eps Tuc
Tuc,126,7.88625,-62.958056,4.37,bet1,B 7|LCL 119AB|SHY 114AB|bet01 Tuc,8848,349.3575,-58.235833,3.99,gam,gam Tuc
Tuc,8502,334.625417,-60.259722,2.86,alf,alf Tuc,8540,336.833333,-64.966389,4.48,del,HJ 5334|del Tuc
Tuc,8502,334.625417,-60.259722,2.86,alf,alf Tuc,8848,349.3575,-58.235833,3.99,gam,gam Tuc
Tuc,8540,336.833333,-64.966389,4.48,del,HJ 5334|del Tuc,9076,359.979167,-65.577222,4.5,eps,eps Tuc
UMa,3323,127.56625,60.718056,3.36,omi,Muscida|BU 1067A|1 UMa|omi UMa,3757,142.882083,63.061944,3.67,-,h UMa|23 UMa
UMa,3323,127.56625,60.718056,3.36,omi,Muscida|BU 1067A|1 UMa|omi UMa,3888,147.7475,59.038611,3.8,ups,STT 521A|ups UMa|29 UMa
UMa,3569,134.801667,48.041667,3.14,iot,Talitha|iot UMa|9 UMa,3594,135.90625,47.156667,3.6,kap,Alkaphrah|A 1585|kap UMa|12 UMa
UMa,3594,135.90625,47.156667,3.6,kap,Alkaphrah|A 1585|kap UMa|12 UMa,3775,143.214167,51.677222,3.17,tet,BU 1071|tet UMa|25 UMa
UMa,3757,142.882083,63.061944,3.67,-,h UMa|23 UMa,3888,147.7475,59.038611,3.8,ups,STT 521A|ups UMa|29 UMa
UMa,3757,142.882083,63.061944,3.67,-,h UMa|23 UMa,4301,165.932083,61.750833,1.79,alf,Dubhe|BU 1077AB|alf UMa|50 UMa
UMa,3775,143.214167,51.677222,3.17,tet,BU 1071|tet UMa|25 UMa,3888,147.7475,59.038611,3.8,ups,STT 521A|ups UMa|29 UMa
UMa,3888,147.7475,59.038611,3.8,ups,STT 521A|ups UMa|29 UMa,4295,165.460417,56.3825,2.37,bet,Merak|48 UMa|bet UMa
UMa,4033,154.274167,42.914444,3.45,lam,Tania Borealis|lam UMa|33 UMa,4069,155.582083,41.499444,3.05,mu.,Tania Australis|mu. UMa|34 UMa
UMa,4069,155.582083,41.499444,3.05,mu.,Tania Australis|mu. UMa|34 UMa,4335,167.415833,44.498611,3.01,psi,psi UMa|52 UMa
UMa,4295,165.460417,56.3825,2.37,bet,Merak|48 UMa|bet UMa,4301,165.932083,61.750833,1.79,alf,Dubhe|BU 1077AB|alf UMa|50 UMa
UMa,4295,165.460417,56.3825,2.37,bet,Merak|48 UMa|bet UMa,4554,178.4575,53.694722,2.44,gam,Phecda|SHY 227A|gam UMa|64 UMa
UMa,4301,165.932083,61.750833,1.79,alf,Dubhe|BU 1077AB|alf UMa|50 UMa,4660,183.856667,57.0325,3.31,del,Megrez|BLL 29A|BUP 140A|del UMa|69 UMa
UMa,4335,167.415833,44.498611,3.01,psi,psi UMa|52 UMa,4518,176.5125,47.779444,3.71,chi,Taiyangshou|Alkafzah|chi UMa|63 UMa
UMa,4375,169.545833,31.529167,4.41,ksi,Alula Australis|STF 1523A|ksi UMa A|53 UMa A,4377,169.619583,33.094167,3.48,nu.,Alula Borealis|STF 1524A|54 UMa|nu. UMa
UMa,4377,169.619583,33.094167,3.48,nu.,Alula Borealis|STF 1524A|54 UMa|nu. UMa,4518,176.5125,47.779444,3.71,chi,Taiyangshou|Alkafzah|chi UMa|63 UMa
UMa,4518,176.5125,47.779444,3.71,chi,Taiyangshou|Alkafzah|chi UMa|63 UMa,4554,178.4575,53.694722,2.44,gam,Phecda|SHY 227A|gam UMa|64 UMa
UMa,4554,178.4575,53.694722,2.44,gam,Phecda|SHY 227A|gam UMa|64 UMa,4660,183.856667,57.0325,3.31,del,Megrez|BLL 29A|BUP 140A|del UMa|69 UMa
UMa,4660,183.856667,57.0325,3.31,del,Megrez|BLL 29A|BUP 140A|del UMa|69 UMa,4905,193.507083,55.959722,1.77,eps,Alioth|BLM 2|eps UMa|77 UMa
UMa,4905,193.507083,55.959722,1.77,eps,Alioth|BLM 2|eps UMa|77 UMa,5054,200.98125,54.925278,2.27,zet,Mizar A|STF 1744A|PEA 1|zet UMa A|79 UMa A|zet01 UMa
UMa,5054,200.98125,54.925278,2.27,zet,Mizar A|STF 1744A|PEA 1|zet UMa A|79 UMa A|zet01 UMa,5191,206.885,49.313333,1.86,eta,Alkaid|Alcaid|eta UMa|85 UMa
UMi,424,37.952917,89.264167,2.02,alf,Polaris|North Star|Lodestar|WRH 39|STF 93A|1 UMi|alf UMi,6789,263.05375,86.586389,4.36,del,Yildun|DRS 59|del UMi|23 UMi
UMi,5563,222.67625,74.155556,2.08,bet,Kochab|7 UMi|bet UMi,5735,230.182083,71.833889,3.05,gam,Pherkad|gam UMi|13 UMi
UMi,5563,222.67625,74.155556,2.08,bet,Kochab|7 UMi|bet UMi,5903,236.014583,77.794444,4.32,zet,zet UMi|16 UMi
UMi,5735,230.182083,71.833889,3.05,gam,Pherkad|gam UMi|13 UMi,6116,244.37625,75.755278,4.95,eta,eta UMi|21 UMi
UMi,5903,236.014583,77.794444,4.32,zet,zet UMi|16 UMi,6116,244.37625,75.755278,4.95,eta,eta UMi|21 UMi
UMi,5903,236.014583,77.794444,4.32,zet,zet UMi|16 UMi,6322,251.492083,82.037222,4.23,eps,eps UMi|22 UMi
UMi,6322,251.492083,82.037222,4.23,eps,eps UMi|22 UMi,6789,263.05375,86.586389,4.36,del,Yildun|DRS 59|del UMi|23 UMi
Vel,3165,120.89625,-40.003333,2.25,zet,Naos|zet Pup,3206,122.372083,-47.345833,4.27,gam1,DUN 65B|WSI 55|gam01 Vel
Vel,3206,122.372083,-47.345833,4.27,gam1,DUN 65B|WSI 55|gam01 Vel,3426,129.41125,-42.989167,4.14,-,e Vel
Vel,3206,122.372083,-47.345833,4.27,gam1,DUN 65B|WSI 55|gam01 Vel,3485,131.175833,-54.708333,1.96,del,Alsephina|I 10AB|del Vel
Vel,3426,129.41125,-42.989167,4.14,-,e Vel,3477,131.1,-42.649167,4.07,-,d Vel
Vel,3477,131.1,-42.649167,4.07,-,d Vel,3634,136.999167,-43.4325,2.21,lam,Suhail|lam Vel
Vel,3485,131.175833,-54.708333,1.96,del,Alsephina|I 10AB|del Vel,3734,140.528333,-55.010833,2.5,kap,Markeb|kap Vel
Vel,3634,136.999167,-43.4325,2.21,lam,Suhail|lam Vel,3786,142.675,-40.466667,3.6,psi,COP 1|psi Vel
Vel,3734,140.528333,-55.010833,2.5,kap,Markeb|kap Vel,3940,149.215833,-54.567778,3.54,phi,phi Vel
Vel,3786,142.675,-40.466667,3.6,psi,COP 1|psi Vel,4023,153.684167,-42.121944,3.85,-,q Vel
Vel,3940,149.215833,-54.567778,3.54,phi,phi Vel,4216,161.6925,-49.42,2.69,mu.,R 155|RU 155|mu. Vel
Vel,4023,153.684167,-42.121944,3.85,-,q Vel,4216,161.6925,-49.42,2.69,mu.,R 155|RU 155|mu. Vel
Vir,4517,176.465,6.529444,4.03,nu.,3 Vir|nu. Vir,4540,177.67375,1.764722,3.61,bet,Zavijava|bet Vir|5 Vir
Vir,4517,176.465,6.529444,4.03,nu.,3 Vir|nu. Vir,4608,181.302083,8.733056,4.12,omi,omi Vir|9 Vir
Vir,4540,177.67375,1.764722,3.61,bet,Zavijava|bet Vir|5 Vir,4689,184.976667,-0.666944,3.89,eta,Zaniah|MCA 37|eta Vir|15 Vir|eta Vir B
Vir,4608,181.302083,8.733056,4.12,omi,omi Vir|9 Vir,4689,184.976667,-0.666944,3.89,eta,Zaniah|MCA 37|eta Vir|15 Vir|eta Vir B
Vir,4689,184.976667,-0.666944,3.89,eta,Zaniah|MCA 37|eta Vir|15 Vir|eta Vir B,4825,190.415,-1.449444,3.65,gam,Porrima|STF 1670A|gam Vir A|29 Vir A
Vir,4825,190.415,-1.449444,3.65,gam,Porrima|STF 1670A|gam Vir A|29 Vir A,4910,193.900833,3.3975,3.38,del,Minelauva|BUP 146A|43 Vir|del Vir
Vir,4825,190.415,-1.449444,3.65,gam,Porrima|STF 1670A|gam Vir A|29 Vir A,4963,197.4875,-5.538889,4.38,tet,MCA 38Aa|tet Vir|51 Vir
Vir,4825,190.415,-1.449444,3.65,gam,Porrima|STF 1670A|gam Vir A|29 Vir A,5107,203.673333,-0.595833,3.37,zet,Heze|HNK 1|zet Vir|79 Vir
Vir,4910,193.900833,3.3975,3.38,del,Minelauva|BUP 146A|43 Vir|del Vir,4932,195.544167,10.959167,2.83,eps,Vindemiatrix|eps Vir|47 Vir
Vir,4963,197.4875,-5.538889,4.38,tet,MCA 38Aa|tet Vir|51 Vir,5056,201.298333,-11.161389,0.98,alf,Spica|alf Vir|67 Vir
Vir,5107,203.673333,-0.595833,3.37,zet,Heze|HNK 1|zet Vir|79 Vir,5264,210.411667,1.544444,4.26,tau,tau Vir|93 Vir
Vir,5107,203.673333,-0.595833,3.37,zet,Heze|HNK 1|zet Vir|79 Vir,5338,214.00375,-6.000556,4.08,iot,Syrma|iot Vir|99 Vir
Vir,5264,210.411667,1.544444,4.26,tau,tau Vir|93 Vir,5511,221.562083,1.892778,3.72,-,109 Vir
Vir,5338,214.00375,-6.000556,4.08,iot,Syrma|iot Vir|99 Vir,5487,220.765,-5.658333,3.88,mu.,SKF 2126A|mu. Vir|107 Vir
Vol,2736,107.187083,-70.498889,3.78,gam2,gam02 Vol,2803,109.2075,-67.957222,3.98,del,del Vol
Vol,2736,107.187083,-70.498889,3.78,gam2,gam02 Vol,3223,121.9825,-68.617222,4.35,eps,eps Vol
Vol,2803,109.2075,-67.957222,3.98,del,del Vol,3223,121.9825,-68.617222,4.35,eps,eps Vol
Vol,3223,121.9825,-68.617222,4.35,eps,eps Vol,3347,126.434167,-66.136944,3.77,bet,bet Vol
Vol,3223,121.9825,-68.617222,4.35,eps,eps Vol,3615,135.611667,-66.396111,4,alf,TOK 9994|TOK 197|alf Vol
Vol,3347,126.434167,-66.136944,3.77,bet,bet Vol,3615,135.611667,-66.396111,4,alf,TOK 9994|TOK 197|alf Vol
Vul,7405,292.17625,24.665,4.44,alf,Anser|STF 4042A|alf Vul|6 Vul,7592,298.365417,24.079722,4.58,-,DJU 4|13 Vul
